13.313425,27.3929125,0.016483282
14.15419083,24.06963083,-0.012669789
13.38219167,29.6099675,0.030226923
14.16748333,27.12045833,0.009677577
13.51114083,25.32968083,0.045412074
13.75281667,21.505365,0.006868963
13.78217333,31.10647667,0.073774672
14.10587417,22.45206417,0.046355189
13.72816167,25.53845,-0.011802723
12.97628083,31.52742,0.037326398
14.01680333,28.91376833,0.008490173
13.64796667,25.967265,-0.002898887
13.86692167,33.44985417,-0.007105925
14.513565,28.24809417,-0.002358956
12.13840083,79.38501667,0.025001056
11.88403083,86.85090833,0.025108671
11.40586083,84.01238333,0.025598264
11.77287917,81.72401667,0.027636317
12.474265,82.57442583,0.028505886
12.60057667,81.5732675,0.034740869
12.43514167,105.8643583,0.01723714
12.39044917,107.8481167,0.017963679
12.16914333,59.838025,0.012084534
12.6630025,81.53145167,0.006830254
12.74811333,83.96725833,0.005125599
12.70404,106.4032083,0.008518969
12.68525917,78.137235,0.010843052
12.7223375,91.31202083,0.015004831
23.70901667,8.9357425,0.024661143
23.3809,8.43283,0.012567738
23.41323333,5.777585833,0.01889165
23.67015,8.015255833,0.000865702
23.43953333,7.325529167,0.007669027
23.282325,6.621873333,0.003024955
23.76325833,7.65311,-0.000447442
24.08575833,7.745368333,0.007663774
23.64528333,7.9577125,0.004201915
23.63154167,6.898958333,0.005939662
23.33160833,7.169009167,0.003158642
23.87725,6.193110833,0.007320055
23.656875,6.511808333,0.00716147
24.06706667,5.4496975,0.005191402
12.41421583,67.55319167,0.030869429
11.79260167,68.10240833,0.014204042
11.41137167,55.031825,0.016302432
12.44748083,50.58441667,0.007715181
11.85117417,52.07685,-0.008800262
11.74128667,66.670675,-0.045150046
12.26842667,55.02354167,-0.019432851
11.14137167,63.32944167,-0.023847888
12.65330333,60.409875,-0.017038305
12.0281175,49.8398575,-0.000172308
11.58337917,72.527725,0.0103224
12.83193833,74.32705833,0.01825601
12.57366667,50.93478833,0.010282943
12.4421125,55.62411667,0.012121036
22.48041667,76.81250667,-0.001879565
22.195025,85.1842425,0.03014226
22.74405,75.33770583,0.045443609
22.03115,89.743115,0.031740942
21.99358333,80.78997,0.040958219
21.85871667,84.15496833,0.029857887
22.2859,85.46750167,-0.012372316
22.42314167,78.9817275,0.004661663
21.73698333,83.97256083,-0.000960185
21.87863333,85.86829917,0.019973474
21.965575,79.07124,0.005575514
21.97891667,85.43532333,0.005265616
22.26043333,75.08755083,-0.010856055
22.55590833,80.4139075,-0.026023961
26.11526667,214.2713833,0.0200039
25.83463333,265.9798333,0.01858775
26.21449167,271.2467917,0.020931402
26.111225,266.0925417,0.045478304
26.20303333,201.3003333,0.031571718
25.76009167,264.3117917,-0.007159811
26.18624167,161.5297417,-0.062855205
26.5499,259.4535333,-0.038823515
26.06045,254.1562583,-0.015126711
26.24556667,218.8761583,0.009379239
26.26926667,193.5362417,-0.005736677
26.271775,215.5775417,0.01483726
26.48784167,121.51895,0.012455467
26.49775833,222.7906083,0.019183912
14.72075583,46.77574167,0.032121114
14.702505,45.33738333,0.032960815
14.35741,44.685475,0.032334544
14.86377417,46.61129167,0.029203315
13.9399,46.19085833,0.033118992
14.81741917,42.475475,0.012961497
14.8458975,41.78915833,-0.03083685
14.36431083,43.71909167,0.038620672
14.6696525,43.549025,0.020314383
15.0080625,48.9078975,-0.009418241
14.867685,40.50941667,0.005462306
14.84694083,55.85029167,-0.015826479
14.96213,51.42446667,0.007020491
14.506255,51.71925833,-0.013721331
7.501661667,54.93455,0.059363214
7.633621667,47.74256667,0.045719847
7.787456667,49.86285833,0.059217272
8.0295825,45.13381667,0.05719669
7.455576667,55.35392333,0.059736104
7.696434167,38.53474583,0.032695852
7.819176667,53.32435,-0.063333318
9.5623625,52.417225,0.011073906
7.29409,51.30268667,0.02006458
8.309893333,39.40599167,0.029035162
7.934695833,42.413875,0.012094026
8.8086375,42.36244083,0.013144321
8.554834167,52.28557333,0.011723197
7.921609167,52.65634167,-0.000701955
22.13111667,38.48475,0.007418842
21.98045,40.58685833,0.012230051
22.50601667,32.52361333,0.007965593
21.90951667,38.3256375,0.005563168
22.1299,38.89853583,0.013669721
21.83091667,38.31602833,0.006899234
22.25735833,38.84036667,-0.00061956
21.68555833,54.31304167,0.002132158
21.458775,50.00425833,0.00453126
21.651075,38.94746833,0.00903731
22.66150833,35.28291667,0.003739041
22.47533333,37.21776667,0.00453709
22.29619167,36.87095083,0.00377832
22.36016667,41.90320833,0.005407172
7.1842925,77.83105,0.001954044
6.679756667,95.015675,0.009024506
6.3343775,97.60475833,0.006679409
7.142133333,90.92891667,0.01259858
7.766454167,101.8684083,0.014485805
7.5748525,97.52245,0.004937156
7.366118333,107.7441833,-0.017802704
6.357191667,101.8159667,0.006861981
7.764765833,81.8870375,0.011047659
7.5249975,98.10685833,0.000965012
7.17528,102.4392417,-0.002448928
8.275609167,110.9471917,-0.000531767
8.170463333,95.6424,6.73371E-05
7.679596667,119.7971583,0.004072197
12.01561417,42.88675,0.038923867
12.53145,43.76166667,0.034634624
12.58362917,37.78203333,0.102639809
12.5969125,38.4414325,0.123842061
12.3554875,36.7322275,0.093592144
12.33703333,32.75223333,0.034601952
12.46755333,36.97220833,0.02987964
13.8839,41.6452575,0.01514782
11.94266833,37.64465583,-0.012544602
12.93905667,31.91005917,0.003692637
12.80073667,33.7395,0.019043431
13.11162167,31.35575917,0.00656076
13.12689833,40.5965875,-0.000633813
12.5073375,38.45090833,-0.018370594
25.54391667,106.0583083,-0.013179897
25.259875,85.54045833,-0.004105758
25.273275,114.3124667,0.006452476
25.26845,99.20905,0.002618863
25.51358333,134.5931083,-0.00202237
25.287175,104.0265833,-0.018236591
25.428675,101.2432917,-0.025943222
24.75019167,112.5260167,5.09308E-05
25.56055833,98.320625,-0.002980857
25.33561667,125.9652833,0.008389723
25.5307,102.9277667,-0.006046197
25.638375,118.7912583,-0.004722443
26.36124167,102.3198833,0.000347993
25.84316667,120.4288833,-0.011702085
28.0828,6.12304,0.000402947
27.93515833,6.802101667,0.001684616
27.700975,6.3949625,-0.001540483
28.01723333,6.8620775,-0.005351679
28.1965,3.831151667,0.000827317
28.00100833,3.3380475,-0.00550019
28.32619167,8.785218333,-0.01571884
28.91910833,2.403029167,-0.00154903
28.125,4.9154525,-0.00432809
28.29679167,4.253380833,0.008571659
27.85209167,3.28925,0.017897588
28.246725,7.809196667,0.01159629
28.73196667,4.241576667,0.000778722
28.5921,1.537863333,-0.001930599
25.375425,197.7574492,0.012591983
25.45725,181.6969342,0.015164196
25.62765833,159.8205917,0.021047998
25.997575,173.3806583,0.022199539
25.63485833,258.3078117,0.024294424
25.50484167,180.3876975,0.020386852
26.22205,173.0767667,0.016525676
26.11276667,195.6788925,0.018662976
25.46449167,233.1747342,0.022234878
24.978775,177.428295,0.022421133
24.89361667,180.089055,0.020338082
24.86855833,160.281175,0.020593735
24.88594167,212.0002325,0.022711966
25.35675,176.8614433,0.02510471
26.81726667,139.379675,0.007851891
26.60589167,252.8723583,0.004558277
26.93374167,228.4228333,0.015293717
26.861575,170.13235,0.022135961
26.711575,181.239875,0.005685405
26.411775,202.5543583,-0.001402546
26.81990833,156.778,-0.019399071
27.217475,237.199495,-0.000432492
26.839425,260.9729167,0.001529575
26.686575,192.6075083,0.000126471
26.76158333,187.555975,-0.000872137
26.70345,192.6375917,-0.000728815
27.03393333,122.4395583,0.00314887
27.05060833,183.3147083,0.00791285
6.859054167,49.24855833,0.032598286
7.070955,56.29030833,0.050041696
7.026929167,52.18585,0.041983584
7.1798775,48.80799667,0.044051833
8.0979375,52.05215,0.037822601
8.247370833,55.62064167,0.043681711
7.363559167,67.14475083,0.001836007
7.0349475,59.72776667,0.033351645
7.715638333,46.62253333,0.023550336
7.085875833,62.917275,0.00766399
7.78893,55.38416667,0.004267382
8.03526,46.9681,0.007043169
8.7413425,44.118225,-0.017650279
7.9362575,58.24275833,-0.011658289
10.82408583,58.26381667,0.001532113
10.44421417,70.94,0.013626261
10.71058833,68.68535,0.006612488
11.01343917,71.766325,0.007885456
11.12986167,79.33617917,0.01153704
10.62522667,75.25584167,-4.28623E-05
10.67362833,70.585,-0.013391657
9.361084167,73.38464167,0.007789561
11.23436917,63.98981667,0.002090368
10.4445125,81.01278333,-0.0016749
9.930676667,71.049275,-0.001176414
11.753965,72.00676667,0.003487132
11.08260333,67.77618333,0.004973439
10.86216167,73.291975,0.004064144
25.836575,147.8078,0.027220736
25.831425,153.187025,0.008467768
25.83631667,174.978675,-0.000256708
25.69861667,224.5524833,0.008083956
25.72928333,165.3429833,-0.00654863
25.66225833,179.6666333,0.0026207
25.9525,145.56925,-0.008043199
25.425225,190.06725,0.003804512
25.85354167,178.0159167,-0.001052527
25.83640833,169.48835,0.002483966
25.7937,237.1774833,-0.006117289
25.70319167,176.738725,0.00624027
26.23716667,157.3213833,0.005452884
26.25135,166.1045667,-0.011454322
28.05965833,100.9482242,0.001504354
27.90078333,87.99862,0.0057717
28.22304167,82.58577417,-0.005451648
28.11886667,82.61090083,0.004228139
27.97761667,95.05582333,0.012855478
27.7914,100.2285358,0.00847112
28.17884167,92.277045,-0.002200634
28.31595,95.33666167,-0.003117555
28.06203333,77.06597667,0.000503743
27.89986667,85.36120917,0.008279529
28.09655,78.85963917,0.018033187
28.217175,86.40662833,0.014662114
28.20736667,75.74419,-0.00302949
28.41668333,78.97348083,0.004893924
12.20220083,172.1314883,0.023816971
12.21845333,157.0564392,0.017354414
12.47417417,136.16947,0.02318604
12.92539167,147.9593258,0.02300565
12.74959083,176.889145,0.066704572
12.38311417,171.3825783,0.015851684
13.13039583,129.65217,0.023672826
13.04970583,176.8087158,0.043600303
12.31286667,166.5212983,0.028074284
12.04923667,148.7758875,0.01632669
12.190745,167.781505,0.003881621
12.27957083,152.1609,0.018902901
12.10783083,144.1027658,0.022644039
12.54116583,152.27977,0.028274045
20.59308333,93.5958,0.003595578
20.98376667,90.93455833,0.009869188
20.7067,84.58290833,0.011040735
20.8484,98.85554167,0.012741678
20.53566667,91.00667833,0.011914206
20.43375,92.135675,0.018569597
20.791375,101.2828167,0.007104074
20.85693333,84.73303833,0.010424111
20.82409167,94.747825,0.014986399
20.806475,91.58955667,0.014746018
20.56765833,96.27389083,0.02171664
21.23086667,97.1926,0.016380393
21.45810833,93.16103333,0.014027661
21.07715,75.144575,0.011705912
10.36711083,68.31673167,0.016711613
10.00665917,101.85795,0.025482012
9.484980833,103.1054,0.036335069
10.30561583,80.354575,0.022901037
11.21113833,84.97309167,0.025018143
11.11752917,85.63706667,0.023934623
10.99274167,94.97946667,-0.011114631
10.18181167,122.966075,0.007327406
10.83973667,62.7327,0.009367886
11.14355417,80.242205,0.003135124
10.9579425,105.6810917,0.017671399
11.42364583,122.5154167,0.012438456
11.3568625,82.9666325,0.01983759
10.97529667,92.31212083,0.018942957
22.54615833,26.1155775,0.012123606
22.5957,36.70746167,0.003869462
23.00594167,28.26277917,0.011176013
22.04496667,39.4618925,0.026083589
22.3993,25.60615333,0.025278607
22.51375,33.575615,0.017104193
22.66689167,34.05855333,-0.043073265
22.616075,41.52318,0.028276518
22.013075,44.26984083,0.019362909
22.3416,27.12397167,0.013761202
22.1765,30.45559,0.041797605
22.20495833,32.01953417,0.012199666
22.85541667,23.84029333,-0.014061822
22.940175,29.51066583,0.010340041
25.57133333,140.9923333,-0.000534235
25.481775,150.0819583,0.019104143
25.770675,151.113825,0.008712169
25.56125833,154.832125,0.012139914
25.64734167,141.5933667,0.021084662
25.37395,158.02975,0.017260489
25.55078333,163.682775,-0.004724427
25.81724167,147.0450583,0.027448986
25.49886667,155.1968167,0.012948544
25.70980833,138.04145,0.00438387
25.6654,147.7267333,0.009063548
25.81478333,145.812075,-0.001533502
26.16216667,132.2571667,-0.019321764
26.01928333,135.5661083,-0.018175516
25.7295,260.3586167,0.004353583
25.6457,235.9500833,-0.005298193
25.725175,277.3295583,-0.005130868
25.6862,298.54275,0.012609183
25.58099167,303.3995833,-0.004809594
25.322075,342.0233333,-0.01363748
25.71753333,294.9264167,-0.012835233
25.70740833,338.3886083,0.00581368
25.567775,321.1106667,0.010370533
25.79098333,283.7749167,-0.001862309
25.87976667,293.0018333,-0.015205565
25.682925,264.1570833,-0.016032027
26.02230833,243.5485417,-0.00788031
26.34960833,218.4469167,-0.015933477
10.72907167,49.84321667,0.025275066
11.1483525,50.03705833,0.030363968
10.76079583,66.46365,0.033154938
10.979335,54.73228333,0.032172013
12.01059667,56.806845,0.033972772
11.95953833,40.35233667,0.028443927
11.88022417,58.6992,-0.013062476
11.86106833,63.45145,0.008571557
10.93918167,41.24007333,0.011022529
11.99512833,52.025325,0.002650003
12.07775417,48.60459333,0.00457031
12.09229667,76.90214167,0.010376303
11.95888417,59.785915,0.017590528
12.06575583,55.9079,0.019815231
28.82043333,76.49124583,0.020040862
28.86625,60.58252833,0.006312585
29.1369,66.50262333,0.023225552
28.77193333,64.823485,0.013360515
28.83486667,70.9887575,0.010809926
28.36103333,68.0464475,0.017440241
29.00125833,71.12757667,-0.000466674
29.05759167,71.9960025,0.009618441
28.95054167,59.9254575,0.014798799
28.61841667,74.43016417,0.014139166
28.829975,65.22879667,0.011506294
28.90985,70.3819975,0.00553267
28.926075,64.47801583,0.003826833
29.13964167,73.9776275,0.012374855
21.42040833,106.5334483,-0.018430916
21.24899167,94.11033167,0.006732972
21.58731667,89.67007417,-0.010080808
20.845275,113.1528425,0.008800228
20.71066667,108.4975192,0.000455715
20.58066667,99.70508917,0.006279539
21.21725833,103.7591558,0.001974251
21.09363333,105.952705,0.007561633
20.60815833,132.26105,0.003238342
20.82163333,77.996465,0.005172173
20.77575833,108.3182575,0.007267442
20.84445833,104.099955,0.004413941
20.77351667,108.3991408,-0.030986909
21.20525833,120.433525,-0.016411309
27.857175,145.8790392,0.028010935
27.75745,140.7643017,0.035688189
27.90050833,146.8394067,0.047216109
27.41035,172.6640292,0.037791006
27.237475,204.5547792,0.035762329
26.85995,144.6380667,0.021705615
27.22650833,157.4737833,-0.006136295
27.82155833,144.1618417,0.018469871
26.902,187.7301233,0.022765911
27.81466667,166.8996758,0.023572868
27.36764167,176.2082,0.023663806
27.49263333,156.7268583,0.022847956
27.889375,131.7016442,0.022565414
28.162125,146.1057858,0.022711754
25.04466667,136.4459167,0.007783454
25.123475,128.6025167,0.016801715
25.20259167,119.4802067,-0.003080385
25.01439167,133.4237,0.002919006
25.04018333,152.7121417,0.008876225
24.79809167,131.5904833,0.002946794
25.16661667,119.9290242,-0.002507921
25.34380833,131.3482667,0.002681635
25.00245833,114.8252333,0.005671293
24.92493333,134.0885667,0.007434331
24.98190833,126.0606,0.011053002
25.03619167,126.0318617,0.013097875
25.08194167,112.4237742,0.012228645
25.34681667,142.9379692,0.00817855
-5.909005,38.31948333,0.003840777
-7.077128333,37.859675,0.009148462
-5.349289167,41.74080833,0.009582979
-4.633815,38.14445833,0.006859254
-6.174463333,39.452025,0.004648239
-6.482341667,39.95335,-0.000377077
-6.266198333,38.48349167,-0.017960594
-4.186646667,39.92811667,0.008356564
-5.709931667,38.33970833,0.009184911
-5.398873333,37.82644167,0.002835378
-6.46496,37.15664167,0.005371314
-6.220375833,38.9816,0.007876157
-5.953935833,36.494175,-0.000322668
-4.965330833,38.86465,-0.000164547
23.46998333,32.210325,0.010979494
23.58765,32.18694167,0.035762933
23.89961667,36.93943333,0.022969385
23.423925,33.186825,0.027639179
23.51225833,33.186825,0.055923731
23.67815,33.186825,0.022709049
23.13751667,33.186825,-0.01078581
24.130075,33.186825,0.001017376
23.39365833,22.95145,0.011470205
23.49540833,25.58246667,-0.000844753
23.5623,29.53543333,-0.00209014
23.35670833,31.67360833,-0.002852695
23.50380833,31.91563333,-0.001040535
23.73783333,37.974375,0.014703443
25.51910833,112.3832692,-0.033034482
25.72225,105.9529342,0.016567325
25.86166667,110.0506325,-0.004599416
25.5482,114.202195,0.011755222
25.64895,114.0070367,0.011213118
25.37879167,110.7286592,0.001103967
25.85845833,110.5213917,0.029296963
25.9407,115.9016442,0.014766959
25.51386667,112.7678417,0.014701716
25.4318,118.398205,0.019667668
25.55890833,120.9517425,-0.195201019
25.47385833,114.2042558,-0.001073109
25.50868333,112.8706858,0.0165656
25.705075,119.2340158,0.016933612
27.66113333,26.5567275,0.042893998
27.7962,28.83189083,0.109497423
27.944875,32.29690833,0.05356744
27.72551667,31.98443083,-0.012429407
27.6905,33.25530833,-0.000755199
27.529525,30.58194,-0.00137388
28.15425833,26.1021225,0.003559269
28.48890833,32.9100775,0.040705355
27.70771667,28.9669625,-0.014247944
27.69098333,37.16455,0.022319367
27.79880833,28.01408167,0.009521849
27.76518333,29.89778833,0.014659192
27.65585833,32.03545417,-0.002136652
28.02565833,30.56218917,-0.041708371
8.561853333,50.742725,0.012861807
8.77546,49.70503333,0.025727006
8.2710375,57.38385833,0.019725541
8.648243333,60.37040833,0.022017603
7.908261667,38.70784167,0.016156932
8.6839825,52.97068333,0.010411049
8.509470833,51.76944167,-0.011447495
8.187509167,44.76806667,0.02015496
8.494979167,47.48566667,0.021428252
8.631189167,48.56455833,0.018322687
8.723325,45.47544167,0.012970132
8.548038333,47.44525833,0.002997367
8.8212575,49.58406667,0.00477669
8.936416667,35.392625,0.001439854
7.021541667,48.73342583,0.038828177
7.324454167,45.74685833,0.039252171
6.960239167,47.4811725,0.044314529
7.491441667,45.713805,0.049573984
7.724509167,46.08253833,0.055517256
7.179789167,49.242865,0.037800357
7.298839167,44.05213833,0.03685648
7.0611025,51.07095,0.04179955
6.900825833,43.233235,0.037535082
6.588599167,51.10875,0.030742898
7.225885833,49.52634083,0.030348149
7.036260833,45.8322075,0.028398892
7.48339,49.88041667,0.026792494
7.4453225,55.05395,0.02596206
24.859525,234.1008583,0.010274253
24.65685833,233.6052,0.016409817
24.74704167,235.1045,0.014112008
24.595175,244.2880833,0.022890583
24.515525,237.9665,0.023407709
24.26715833,275.89625,0.008811721
24.75065,204.765,0.000372317
24.95914167,259.8023917,0.013919346
24.63268333,273.22475,0.026643847
24.81125,195.2265,0.012710934
24.96328333,195.816175,0.015449443
25.06426667,192.9101667,0.015678285
25.40840833,173.8868,0.007582152
25.47451667,189.7989167,0.0030654
25.76949167,78.45245,-0.001305783
25.590575,129.6343,-0.002056489
25.95316667,120.0665917,0.001805224
25.73595,155.8479917,0.00096364
26.032975,100.1740417,-0.006948097
25.59169167,142.1563833,0.006594397
25.9508,117.4592,0.003219239
26.04588333,138.54286,0.005719539
25.86329167,176.2399833,0.0069507
25.759975,146.7996667,0.003174247
25.791775,111.159175,0.008662862
25.82713333,123.6316258,-0.001325021
26.08208333,152.5824583,-0.005442066
25.73560833,153.286995,-0.000631725
24.77140833,116.114075,0.010247378
24.80114167,110.3862333,0.014659859
25.06874167,112.0533917,0.012030341
24.6677,135.3645667,0.008535839
24.66458333,126.0480667,0.012203672
24.479225,124.109975,0.011924849
24.78021667,127.6868417,-0.00217942
24.93586667,123.1615083,0.015354894
24.38449167,127.7540417,0.014379442
24.36154167,123.1721167,0.015241483
24.55565,127.8624167,0.020889584
24.50351667,122.6105083,0.024879088
24.586725,125.14235,0.014699447
24.90825,128.1891917,-0.003960194
24.86411667,128.0992667,-0.008965747
25.07643333,125.822225,0.001839455
25.026975,120.8994917,0.018764147
24.99506667,135.6331083,0.011844887
24.910225,140.7349583,-0.021855376
24.766525,146.2257333,0.008641529
24.93661667,139.2137,0.017022756
25.26834167,138.209625,0.023193978
24.82536667,134.5387,0.002471048
24.84106667,133.880725,0.004945089
24.95740833,130.593675,0.00398564
24.91354167,126.98035,0.017890015
25.005175,123.5716,0.000557913
25.361925,141.480125,-0.023363099
25.2447,289.4938,0.011464457
24.99006667,262.1157667,0.012110178
24.82310833,257.7101667,0.010334727
25.02411667,245.8624583,0.024318366
24.84303333,263.0151,0.028220107
24.692325,290.7693417,0.01400775
25.184725,219.5265417,-0.009806105
25.04854167,300.741,0.015582908
24.8281,233.498025,0.013060294
24.88409167,182.6419167,0.015231277
25.05190833,197.2761083,0.00476038
25.19591667,229.886925,0.010151579
25.25764167,197.1107583,0.010772178
25.30299167,211.6791083,0.013466388
26.80473333,123.0048,-0.01512387
26.77835833,112.3369642,-0.003740129
26.96271667,106.3891333,-0.001771197
26.74408333,119.4218233,-0.002838411
26.87901667,113.3382192,-0.001936419
26.39310833,117.3054983,0.001176033
26.86210833,120.4713917,0.003963165
27.16825833,144.8891667,-0.001463622
26.80155,112.2554783,-0.029844359
26.51088333,107.6614017,0.033594032
26.76801667,93.11603833,0.02622963
26.79395,126.9795025,0.025728137
26.97683333,93.2794975,0.025846627
27.25404167,109.0687083,0.022296004
11.381075,64.92728333,0.023462896
10.90799083,97.28760833,0.016555203
10.44758333,97.98400833,0.016931552
11.30225333,78.27078333,0.02054007
12.140775,84.7485675,0.022455848
11.99300833,85.81290833,0.008806977
11.88041,90.78581667,-0.032423993
10.97387167,112.2341083,-0.005459299
11.86886917,61.29028333,1.95167E-05
12.05319417,80.09057833,-0.008780847
11.75819167,101.2770333,-0.000931357
12.41321583,120.1717083,0.001388837
12.27641333,86.05139333,0.013881484
11.911625,94.21092583,0.018124967
26.11841667,116.4889417,0.015023308
25.9033,90.39688333,0.023546261
25.855925,139.4388667,0.045678466
25.91365833,102.7339342,0.049486221
25.97579167,149.208925,0.030837134
25.68818333,124.0773917,0.018067503
25.9036,99.89993333,0.006654434
25.36039167,129.8756833,0.010292965
25.86649167,115.4097167,0.011583747
25.753125,123.91185,0.01211111
25.89651667,108.7560717,0.010784449
26.02614167,112.0403333,0.003596085
26.61181667,94.93265,0.018172952
26.20995833,109.171875,0.001829637
19.57295583,49.2054975,0.005967723
19.366975,44.06509667,0.015488915
19.32745833,31.85816333,0.014326251
19.18211917,29.39152833,0.012758337
19.61785,38.07416917,0.012348163
19.71500833,21.6761925,0.004650327
19.725225,51.88883,-0.020500035
21.007475,33.84735,-0.005596743
19.20313333,44.33707333,-0.00933216
19.98634417,61.03898,-0.019300098
20.03895833,26.18490417,-0.024936328
20.18108333,34.84184667,-0.000953194
19.72245,44.50095917,0.010912327
20.27791667,30.65797083,0.018419762
8.723819167,42.35192667,0.015496585
8.41035,54.080525,0.020670485
8.218499167,59.46045833,0.026885326
8.745494167,55.97465,0.027612792
9.5658675,62.51047833,0.021140499
9.366936667,53.61199167,0.007893422
8.960038333,62.632375,-0.023849089
7.71513,72.07909167,0.008497411
9.20946,49.31259,0.006755307
8.980630833,55.07526667,-0.004095336
8.574591667,61.50053333,-0.002249708
10.08136917,60.726,0.011177147
9.902455,46.84168333,0.021612698
9.361318333,61.4017,0.009680206
8.618799167,52.63653333,0.000509447
8.6548225,63.92794167,0.010313563
8.727361667,53.91491667,0.008834856
9.316860833,65.43009167,0.015242512
9.472544167,71.607625,0.002005043
9.488893333,61.98400833,-0.004781097
8.829409167,59.12559167,-0.024173103
7.055909167,61.90425833,0.006121414
9.028149167,66.68373333,0.003978923
8.439059167,61.391225,-0.000651702
8.557525,56.31964167,0.002224105
10.17211083,68.48224167,0.004774415
9.208226667,72.87250833,0.006988572
9.056101667,56.890975,0.006909407
24.96095,225.565475,0.025118901
24.7097,363.4688333,0.011307338
25.10256667,330.798325,0.001565248
25.00108333,251.0827167,0.018982643
24.99823333,235.42025,0.02628023
24.61888333,281.7026667,0.029677311
25.0112,231.0605667,-0.005257275
25.43409167,320.3192833,0.00274557
24.99416667,369.4985,-0.001205301
25.03579167,275.3181333,-0.004922728
25.07035,261.5719167,-0.002959225
24.99843333,235.141575,0.018232544
25.27931667,200.1043917,-0.011818718
25.32338333,309.7048333,0.010061407
24.7176,154.9949083,-0.012078643
24.3971,114.5782,0.004972199
24.42971667,158.3555667,0.03322649
24.41834167,121.871795,0.032362078
24.2478,169.962675,0.025443892
23.90908333,114.009,0.00821085
24.386025,120.202725,-0.001325025
24.48251667,134.7338667,0.02945176
23.96510833,115.5309833,0.008141573
24.33991667,130.1016333,0.006465885
24.491475,94.019175,0.015572605
24.83338333,106.89875,0.026931999
25.070525,100.3244,0.024570109
24.85535,169.670275,0.022931943
21.63790833,229.442925,0.004256059
21.65231667,153.228725,0.026968941
21.41781667,120.8893833,0.015124278
21.61835,154.6777083,0.011440622
21.042125,169.6335583,0.002143512
21.36915833,225.347525,0.019560956
22.01090833,137.37805,-0.004620143
21.76565833,221.6811333,0.008144041
21.44528333,198.7802,0.026210597
21.68588333,202.24675,0.01732661
21.50435,165.318675,0.014467112
21.99975833,174.5867917,0.009446397
22.49685833,229.2466083,-0.006597214
22.33038333,163.4690917,-0.012771936
23.02796667,1.966325,0.0055803
23.06610833,2.193364167,0.00946427
23.07794167,2.711531667,0.011156759
22.98063333,1.913439167,0.021054411
23.14395833,2.028715,0.022132551
23.511675,2.334144167,0.022292907
23.4048,1.9426275,0.01173987
24.72705,2.692868333,0.013178053
22.87185,1.967065833,-0.001583443
23.53200833,2.1495025,-5.62866E-05
23.38778333,3.022280833,-0.000460411
23.63091667,3.163206667,0.002670731
23.53470833,2.8310875,0.008999038
23.54365,2.1147425,0.009161888
24.60345833,126.4286783,0.004411793
24.568275,144.6298333,0.001703495
24.54225833,167.4892958,0.009564604
24.46070833,179.3920283,0.016509982
24.24224167,144.9803767,0.006123503
24.45374167,170.567625,0.007299386
24.76910833,128.0173442,-0.010975757
24.43881667,177.8073517,0.009074528
24.45934167,166.7134583,0.014390568
24.41996667,142.18101,0.010145626
24.37505833,192.3303042,0.007647078
24.5122,132.3873725,0.005359753
24.93931667,131.9043875,0.008214396
25.000725,137.8822075,0.008630851
25.11043333,200.3891333,0.038469329
25.09598333,192.0070917,0.121131095
24.99815,142.6183417,0.047948402
25.03881667,160.78895,0.012436717
25.050425,273.5198917,0.041646249
24.85740833,193.4089842,0.050925983
24.9843,171.1877792,-0.014295699
25.16259167,165.699375,-0.060389351
24.88479167,159.9437917,0.008000571
24.920475,215.878525,0.015593423
24.91339167,163.7816833,-0.036971582
24.94006667,172.3276667,-0.016321862
25.09518333,125.8690667,-0.059038407
25.37840833,171.5451,-0.057069614
5.754989167,52.95444167,0.033795366
5.987170833,61.03895417,0.029108101
6.053734167,53.56653333,0.041398224
6.514881667,45.55110833,0.045025636
6.651374167,57.28249167,0.034391195
7.248088333,65.73929167,-0.023033702
6.0052875,60.22551667,-0.068338055
4.890131667,63.14299167,0.010692307
6.879858333,55.745925,0.033119818
5.555390833,70.15139167,0.019869066
6.7092025,49.76754167,0.009875522
6.91531,53.63964167,0.013506069
7.351688333,48.07146667,0.007890714
6.499305,59.53180833,0.014768165
23.249325,59.985085,-0.021871103
23.22125833,66.174375,0.042998732
23.24226667,68.6986525,0.036361705
23.18536667,71.92779667,0.032653977
23.06814167,69.3120125,0.035178575
22.92331667,68.97347833,0.032590658
23.70721667,61.09595833,0.024666234
23.52415,70.1289,0.039257813
23.46135,66.62646917,0.033805003
23.329525,71.04991667,0.023732112
23.48588333,80.35098833,0.031407916
23.35955833,77.04680833,0.030248207
23.8428,66.90804167,0.030969712
23.71845833,76.94206,0.027389064
24.38169167,164.5259392,0.003885298
24.40794167,190.83405,0.02148001
24.55855833,228.4209092,0.001045895
24.38051667,228.264225,0.004672021
24.88351667,323.1512367,-0.008052968
24.31543333,297.0429808,-0.000274874
24.05808333,227.9415417,-0.010292613
24.62003333,201.6534092,0.009512758
24.37158333,353.408375,0.009762033
24.12513333,375.6220667,0.00527235
24.41585833,251.8803083,0.019818092
24.24219167,165.9406,0.023254624
24.20115833,135.8043583,0.018708216
24.71730833,295.2634167,0.00945719
2.310938333,42.37868333,0.00753895
2.421843333,51.846,0.015463475
3.080414167,49.51647,0.010422057
2.755181667,39.90721667,0.015597055
2.935099167,50.35905833,0.020105371
3.041966667,54.30888333,0.001096745
2.279699167,42.614425,-0.039561043
0.963166667,44.58228333,0.010818041
3.405584167,50.869775,0.009010608
1.679549167,56.39219167,-0.008304869
3.2710225,42.47259167,-0.005305549
3.405781667,43.289675,-0.004548332
3.524423333,50.03004167,0.000738426
3.1043775,52.05985,0.010626238
11.8987675,59.794075,0.000482119
11.3837125,65.6523,0.008921023
11.3507875,56.16666667,0.003890146
11.91550917,68.37119167,0.007481164
11.64328417,69.71705833,0.007717886
11.33715917,77.79785833,-0.001321266
11.695545,66.50951667,-0.014895828
10.62523833,69.48429167,0.006239264
12.32324083,59.784,0.007319373
11.5415175,72.03486667,-0.000744205
11.084975,78.36311667,0.000260089
12.50074417,76.77444167,0.00204924
12.16435167,58.44833333,0.00299463
11.76504917,67.98076667,0.002997773
25.42306667,150.1961167,-0.000884428
25.47428333,136.0589,-0.008010068
25.406975,129.0894,-0.00016359
25.44359167,142.8661267,-0.024559029
25.42591667,187.2877833,0.012643858
25.25420833,159.2055167,-0.027960204
25.38254167,155.7188258,-0.013611125
25.61316667,151.9100917,0.014728013
25.26565833,151.9861833,0.013873672
25.33268333,165.2251908,0.005773244
25.3562,157.4765917,0.007410271
25.35230833,152.502205,0.002683719
25.46733333,122.6619242,0.00204319
25.79135,147.6731333,-0.004227958
28.05453333,90.77308833,0.014958104
28.16465833,72.2310875,0.015847653
28.34285833,98.92999917,-0.017598906
27.941575,85.89930083,-0.008362527
28.09459167,75.314025,0.002477836
28.05971667,97.3884375,0.011317968
27.6897,90.3408925,0.014228471
28.507475,98.95727,0.01444795
27.919625,74.162495,-0.032174675
27.9455,93.59818833,0.010501961
28.04211667,88.5307425,0.007135287
28.02508333,78.00280917,-0.017244656
28.12326667,86.11946083,0.011700088
28.37041667,86.5368225,-0.011221428
6.581839167,83.76939167,0.048485753
6.822559167,87.84198333,0.027152498
6.987455,88.508975,0.042528277
7.080638333,78.72253333,0.041564699
6.856138333,83.6831,0.053722687
6.770231667,69.068025,0.011698063
7.082701667,93.893375,-0.012293259
8.692138333,80.75134167,0.029494916
6.419435,86.83025,0.033766074
7.370136667,69.916275,0.029939616
7.155228333,77.97875,0.015772076
8.0428675,74.3599,0.019425796
7.61412,74.85288333,0.011649245
7.252515833,90.63504167,0.011930173
9.521808333,46.61606667,-0.003334519
9.1535975,59.65555833,0.005145907
9.236941667,58.17029167,0.00330501
9.791305833,57.00718333,0.016269298
10.08396417,72.53326417,0.014515104
9.764500833,59.19665,0.005500961
9.490326667,61.524875,-0.024014353
8.15933,64.00686667,0.018032338
9.989761667,55.11251083,0.023661785
9.414195833,59.215275,0.001316167
9.024396667,60.68843333,0.00093586
10.63545333,58.25288333,0.007547205
10.27199667,53.88865,0.003727628
9.882784167,57.91524167,0.006124629
27.72369167,102.392025,0.011338786
27.60764167,93.90345833,0.012873358
27.900425,92.44719417,0.013962805
27.74855833,92.267885,0.015847617
27.7257,107.9886417,0.007274442
27.42755833,110.5542292,0.026823668
27.77509167,102.1854567,0.009497847
28.09804167,106.151525,0.022219201
27.768775,94.17232417,0.046555432
27.53634167,100.4017167,0.02830101
27.72548333,89.19465,0.020558054
27.84588333,98.9690125,0.002451488
27.97025,82.53579417,-0.00049506
28.219275,98.18907333,0.004964373
14.2224325,57.27730833,0.023426805
14.20558167,49.98770833,0.020366996
13.85726,56.622325,0.001320712
13.91816167,56.39378333,0.022575181
14.67062917,53.04137833,0.012883536
14.71040833,44.67422417,-0.00261095
14.60337833,70.61851667,-0.020233701
15.11497667,57.0458275,-0.025031583
14.00131083,48.83984667,-0.040948848
14.87809667,56.914485,-0.03057412
14.95294833,51.8398725,-0.011161377
14.80992083,72.14813333,0.006093879
14.55014667,58.85198667,0.000955735
15.00654,53.8624675,0.000976199
-16.55244167,42.6434,0.017630309
-17.3058,44.72381667,0.027888873
-16.07166667,47.066775,0.020954452
-16.608025,40.46844167,0.024711501
-16.69625833,42.253225,0.011776678
-16.90314167,45.83935833,0.027732673
-16.96116667,40.5608,0.003783145
-15.6956,35.80709167,0.003009263
-16.44764167,42.78590833,-0.002047234
-16.41609167,49.46023333,0.006624229
-17.33053333,51.98539167,-0.003168248
-16.27593333,50.85896667,0.021421449
-17.13314167,55.45464167,-0.009728203
-15.3332,50.16973333,0.024567101
27.236825,107.5229083,0.037719251
27.043675,155.6892417,-0.004246732
27.401,151.9497833,0.052821735
27.26028333,133.1185167,-0.018822863
27.08564167,119.191425,0.024748998
27.009375,125.074575,0.002998912
27.37653333,107.4988333,-0.031084102
27.685175,151.87627,-0.004045016
27.34195,160.1779,0.001014069
27.27424167,115.230875,-0.007681191
27.390475,122.575775,0.00717729
27.28455,118.427,0.027849058
27.55151667,87.67139167,0.024346957
27.55189167,141.1294667,0.013312547
24.18301667,182.205,0.00060237
24.19294167,202.6071833,0.003298993
24.17628333,242.4156125,0.003898617
24.04225,247.17875,0.012888631
23.941325,209.7604833,0.016827142
23.94316667,229.9645167,0.00442431
24.265775,194.3765583,-0.007223687
23.82813333,257.9785583,0.002859541
24.06274167,246.2532333,0.0083598
24.161325,195.5110583,0.003455366
24.056725,287.0821333,0.006621566
24.0968,218.5835083,0.008736764
24.54255833,196.7350417,0.008731004
24.60235833,207.3608333,0.004480603
26.336975,152.9426492,-0.002977883
26.5171,143.7357358,0.001563075
26.56546667,136.4045767,0.003971701
26.303175,136.7510825,-0.004235866
26.38349167,126.5793042,0.018959414
26.10845833,154.7960875,0.007651463
26.14124167,133.1885142,-0.014830241
26.65835833,175.6199175,0.010634365
26.35498333,136.5670642,0.014093261
26.09645,142.4610858,0.015420319
26.31234167,148.79949,0.00705333
26.25776667,138.28904,0.005636971
26.449775,146.4906342,0.00544726
26.65730833,140.3064908,0.033167795
27.56899167,139.9396417,-0.007413475
27.72435833,117.1398125,0.001732475
27.84958333,140.6092642,0.007870876
27.46231667,133.1134167,-0.000502104
27.58210833,119.3202,0.003367582
27.54534167,149.65963,0.0029395
27.21653333,135.25614,0.003428751
27.993675,147.5222125,0.008402473
27.47986667,116.7393733,0.022394161
27.45198333,137.1188517,-0.019015953
27.5353,135.2466325,0.00235932
27.532875,119.927845,-0.007319135
27.64031667,138.2540542,0.014517576
27.89948333,128.3251458,0.01521741
26.38268333,170.5009833,-0.002960809
26.135025,195.6816333,0.006390961
26.3253,234.1826083,-0.008804662
26.22425,227.0636583,0.021620297
26.02470833,245.545125,0.029387266
25.940775,252.15075,0.008301219
26.23819167,174.5611083,0.014635515
26.52219167,221.8155667,0.016614365
26.03295,223.9515583,0.020500997
25.92121667,193.2160667,0.020388244
25.97453333,205.9726833,0.018963221
26.246775,131.6766417,0.014057679
26.622075,157.4783583,0.011222343
26.44813333,181.513375,0.011947549
25.45110833,140.6887083,-0.005604
25.182725,95.1222325,-0.022688912
25.18769167,174.6302608,0.000712107
25.20806667,107.2632483,0.002656032
24.86533333,194.67325,0.007341578
24.54501667,109.095625,-0.003213574
25.00359167,96.632525,0.00642199
25.08745,147.9046917,-0.031212059
24.60608333,105.1265467,0.016808521
24.8675,145.7576583,0.00592433
24.9489,64.3402175,0.011711452
25.41716667,125.6220167,0.005885806
25.74096667,95.60227,-0.000762521
25.50158333,154.4011333,0.000438355
24.21286667,148.5908083,0.008354205
24.12895,171.8381667,0.015593788
24.11685833,161.3330667,0.0151409
24.07454167,211.2096833,0.017534358
23.901475,142.94545,0.016277272
24.09414167,183.9451,0.008513159
24.392275,148.4559475,-0.019834984
24.07185,183.421655,0.007116814
24.116975,164.0317333,0.007907684
23.99240833,154.4949083,0.009452136
24.02340833,187.9793083,0.004096256
24.092925,144.3101667,0.00539757
24.51503333,141.3258083,0.008801801
24.53654167,136.4415167,0.00912656
10.55658083,39.51338167,0.017644692
10.36138333,57.655175,0.022171339
9.9632525,59.91678167,0.019515192
10.627205,50.43423333,0.017087674
11.79110667,54.03330583,0.002503369
11.63786833,52.12674833,0.004442031
11.4544525,54.0621,-0.028984984
10.47654,74.85009167,0.003818185
11.0044375,36.71211333,0.008370716
11.4140275,44.23852833,-0.004900664
11.30361833,52.42360667,0.010194609
12.16136083,63.0632,0.019140358
11.88976167,48.71182583,0.016126158
11.34245833,63.07420917,0.011075756
3.2738775,97.65166667,0.006732867
2.921126667,98.48463333,0.029780612
2.108725,86.435775,0.019781419
2.696631667,98.12049167,0.01202251
2.571983333,99.52885833,0.027891619
2.3364025,84.425375,0.000490007
2.585278333,98.40170833,-0.031959922
2.762921667,76.18075833,-0.014559241
2.413045833,104.4602583,0.006769208
2.537135833,88.4312,0.003283282
2.209470833,93.83655,0.013484
3.320106667,101.4549833,0.004110336
1.922285833,96.05740833,0.014457611
3.206224167,101.170875,0.024779656
24.61579167,84.31582917,0.025689618
24.702525,80.83398,0.02609859
24.45720833,84.422875,0.02625514
24.7916,93.86046417,0.026955019
24.725025,90.93361917,0.025503232
24.51489167,90.1776425,0.006840698
25.239425,78.05367917,0.026741914
25.17335833,98.27754083,0.029555631
24.57970833,95.91693417,0.01659005
24.52586667,85.26950833,0.01772402
24.38231667,100.8487117,0.021747141
24.49206667,80.60858583,0.026070255
24.61968333,87.51899833,0.028559215
25.03953333,88.0315475,0.02937164
26.25609167,252.6225,0.014421976
26.23704167,224.6184,0.015489279
26.29611667,238.4356667,0.018240982
26.11608333,220.2886667,0.017482081
26.13743333,253.56125,0.020967816
26.00529167,262.4419167,0.019614854
26.31815,243.3886667,0.013878819
26.426075,298.3898333,0.020412176
26.166425,255.9446667,0.020146654
26.33335833,253.41325,0.019557776
26.42721667,255.3576667,0.017664575
26.37901667,219.8610833,0.015523814
26.49481667,204.5532833,0.015172916
26.77583333,261.5266667,0.016028681
22.31630833,16.83135083,-0.18681783
22.22899333,15.88435333,0.176775454
22.22970833,13.91772167,0.008775362
22.351705,17.8616725,0.033616062
22.251595,12.63210583,-0.001324591
22.4118425,9.016104167,0.027019006
22.3295375,13.171515,0.005538001
23.85635833,11.35259333,0.015578173
21.8631,13.98966917,0.017469852
22.62077083,13.6849725,0.040504071
22.14698917,15.454215,0.014891056
22.76655083,12.89043,-0.013103941
23.00519917,11.21196333,-0.003772955
22.93379167,16.40450333,0.042776355
9.935135,81.70233333,0.005570854
9.810171667,91.28913333,0.019697935
9.923459167,90.17346667,0.014481364
10.03956833,99.503075,0.009664808
10.20400417,89.78438333,0.009910697
9.5488125,110.8791,-0.028420548
9.569558333,113.0516417,-0.026789042
8.632196667,85.67693333,0.005901714
9.697940833,97.08610833,0.013972861
9.440356667,99.22663333,-0.001047804
9.665421667,90.69435833,0.003480898
10.01926,111.3882917,0.03345631
9.514744167,108.0896917,0.093213782
9.649166667,92.41344167,0.016235471
20.29693333,26.70823083,-0.003795181
20.16271667,17.2470675,0.01037472
20.07330833,17.5340025,0.00915959
19.94886667,17.703415,0.015997507
20.220725,16.56336083,0.016632772
20.513365,14.52584,0.004597258
20.65300833,16.3495575,-0.005353045
21.984325,17.18145917,0.015350095
20.11835833,18.43070833,0.013031679
20.90440833,23.78645333,0.001076884
20.7348,22.7380275,0.009532488
20.70016667,19.35020583,0.00827028
20.65015833,21.72134083,0.002404515
20.99905,16.61948833,0.008552593
12.93746833,66.57331667,-0.001273801
12.40793833,79.02631667,0.004005819
12.00343,76.38695833,0.001970812
12.738265,67.62465833,0.007322901
12.9577775,67.98789167,0.004161318
12.80528583,84.40084167,-0.007463037
12.86048083,80.75468333,-0.026464434
12.21810167,87.58640833,0.005927548
13.11047417,66.559025,0.001750157
12.92245667,71.4676,-0.013589301
12.6389575,81.23386667,-0.01260548
13.36688917,85.84833333,-0.003491273
13.3164125,66.05301667,0.004412979
13.1309425,73.920375,0.005570136
25.989525,213.15485,0.012969971
25.83456667,138.7944083,0.003221308
25.788625,261.7841317,0.001482329
25.88036667,134.6507942,0.010134608
25.62253333,286.2545333,0.004001205
25.35765833,163.5989333,-0.005675781
25.65060833,115.2342025,-0.021428496
25.53026667,307.3733667,-0.00864352
25.40411667,211.355975,0.005047123
25.47555,190.1301458,-0.0051618
25.56374167,149.5996167,-0.000343147
25.87670833,144.588025,0.000489778
26.06650833,93.94404167,0.00151917
25.88981667,143.9020417,0.003675177
11.01382833,142.4764083,0.005657465
11.9587975,139.7064417,0.009324623
11.05663,115.8356167,0.007120724
11.26328667,149.7133833,0.005848406
11.6946325,121.86255,0.006626215
11.4151775,123.8063417,-0.004985653
11.46572333,136.824575,-0.024129955
11.75987083,146.5164,0.017755286
11.31891083,145.12125,0.00030287
11.11913667,142.1777583,0.007138646
11.49165917,141.805125,0.009227877
11.271365,142.4942417,0.002200628
11.8047175,146.50005,0.005739761
11.875195,151.2001833,0.003137907
19.51346417,10.8132475,0.008291307
19.39212917,6.895853333,0.024167871
19.30518333,7.19705,0.019818847
19.21434083,7.400708333,0.017107583
19.484795,7.754385,0.015421499
19.6931,5.669030833,0.009902207
19.70959083,6.22685,0.001401993
21.30230833,8.273983333,-0.012680019
19.17074167,7.297124167,-0.012286159
19.989425,8.484859167,-0.012225175
19.74404167,9.621965833,-0.010351045
19.77100833,9.3727375,-0.00666303
19.83026417,8.752265833,-0.006287269
20.19951833,6.710584167,-0.004534766
6.350223333,24.384875,0.037159186
7.651355833,22.870275,0.036792543
7.224371667,19.11698417,0.036346221
7.1738475,22.04085333,0.039554241
7.427550833,20.86952167,0.032060169
7.30288,18.58968333,0.008809027
6.632885833,22.92513333,-0.006271853
7.06605,19.80642833,0.024461962
5.984970833,22.251125,0.024787328
6.515955,19.39981083,0.014243476
7.922595,25.608775,0.019054433
6.191800833,20.990875,0.011471965
7.622869167,25.60264167,-0.001166635
7.624554167,28.83665833,-0.001424712
25.45435833,51.40202083,0.000784774
25.31244167,46.04891667,0.009804215
25.32981667,36.217225,0.013026974
25.2572,69.67845,0.015259991
25.05950833,54.48455,0.016753789
24.96576667,53.72519167,-0.01101041
25.61305833,52.94185,0.002182722
25.4422,52.966125,0.023228076
25.32839167,53.097825,0.014050476
25.24515,63.01775,0.007814923
25.182175,64.14095,0.013436413
25.41145,51.22320833,0.011548404
25.53763333,64.33130833,0.013328677
25.75660833,59.60018333,0.014294732
27.50574167,96.95818333,0.00108211
27.50574167,96.95818333,-0.015194178
27.50574167,96.95818333,0.012313659
27.50574167,96.95818333,-0.009604506
27.50574167,96.95818333,-0.001190182
27.50574167,96.95818333,-0.019115992
27.50574167,96.95818333,-0.005962408
27.50574167,96.95818333,-0.012540071
27.50574167,96.95818333,-0.000663037
27.50574167,96.95818333,0.013245576
27.50574167,96.95818333,0.011767257
27.50574167,96.95818333,-0.009041652
27.50574167,96.95818333,0.036922926
27.50574167,96.95818333,0.015529485
11.24010417,173.1183833,0.010304508
11.93247917,130.4515417,0.019053582
10.95692917,111.9297083,0.015793811
11.44408333,125.1047667,0.019636371
11.93477333,117.9927333,0.02090755
11.61540583,102.3008667,0.008818884
11.59036583,112.209225,0.000826619
11.2707075,129.25265,0.025172768
10.96425167,126.2538417,0.01236246
10.9652675,136.0131,0.007560214
11.53903417,103.0369417,0.010422368
11.7220625,104.8837333,0.011546521
11.9910125,89.93895833,0.009661879
12.22090083,112.2348083,0.01057899
26.27966667,10.6825775,0.064395413
26.07144167,13.20339583,0.036652312
25.9174,12.88593083,0.028148503
26.207225,11.20783833,0.012133292
26.197275,8.427208333,0.002054786
26.24634167,4.430550833,-0.014953468
26.33595833,7.6640225,-0.058053055
27.41465833,4.231159167,-0.035938379
25.95680833,6.938776667,0.015074572
26.331975,8.647331667,0.003762012
25.6676,6.2343975,-0.017471019
26.32895,7.74244,-0.017638506
26.80315,7.486699167,-0.014127225
26.85278333,9.997615833,-0.000994214
2.6113425,46.72822167,0.024953389
3.869720833,37.74789583,0.024237362
3.329485,34.28210583,-0.005661319
3.777870833,30.8108725,0.008601987
3.931949167,29.94991333,0.031459945
3.456876667,28.3887425,0.030909003
3.2176775,34.44968333,0.007114439
3.510600833,38.5413,-0.007233377
3.177188333,35.91529333,0.01984179
2.578606667,27.72156167,-0.008101489
3.860491667,31.90378083,0.036311936
2.5607525,29.15566667,0.008320923
3.839105,34.60028167,0.007673311
3.925733333,45.92580667,0.009436755
24.114325,127.3999942,0.019036734
23.8393,140.0069175,0.020155709
24.23908333,155.9643883,0.023011565
23.85854167,155.8469633,0.02883697
23.55210833,150.5869942,0.02451572
23.14384167,173.4305167,0.025354459
23.78895,133.4393767,0.024150446
24.35408333,143.6313683,0.028493293
23.12709167,182.5484983,0.026793858
24.26003333,160.5432258,0.026944735
23.85863333,179.408675,0.027056419
23.962075,120.7844217,0.025372768
24.43898333,124.9218167,0.023893855
24.40691667,163.389275,0.022785261
6.3399175,52.2237,0.039349252
6.465985833,57.331625,0.039510492
6.310965,52.51200833,0.048828859
6.944879167,48.5206,0.052772554
7.196575,58.33355,0.044855435
7.706524167,57.89159167,-0.011122988
6.604934167,60.6179175,-0.060364508
5.641425,67.39115833,-0.008421455
7.239203333,52.90808333,0.034771646
6.1701925,66.43775833,0.022564732
7.067275,53.2931,0.015077987
7.32358,55.38468333,0.012086123
7.899733333,46.84197167,0.016273148
7.101423333,59.4811,0.012843161
16.72370333,67.8667575,-0.007104696
16.528355,47.06936833,0.008954479
16.43411,43.01093167,-0.000351411
16.3089,40.4211625,0.001726201
16.6316,39.3142825,0.038090687
16.83741833,29.444605,0.038654036
16.84342167,45.38713583,0.037228806
18.22663333,34.15266667,0.02111805
16.21432917,51.49037833,-0.017357967
17.0996125,62.4338675,-0.015548033
16.92933667,46.8726225,-0.017295794
16.99117917,36.99719167,-0.016707372
16.84996667,44.64037167,-0.016551029
17.28815667,37.54886333,-0.004786495
13.55785,47.0891875,0.021828052
13.63069833,58.05891333,0.009966497
13.8031225,49.49109667,0.016930772
13.1611275,81.8203125,0.01933871
13.57543833,58.58731583,0.021156809
13.67866917,60.56083167,0.028280058
13.45727333,66.61445,0.008601084
13.92568,74.90342083,0.024413219
13.2573075,75.81536667,0.027200932
13.52580583,54.350715,0.022876625
13.68154083,46.21508167,0.005028258
13.77439417,55.73265083,0.01016794
14.10301167,35.31542667,0.008552717
14.4644225,47.1975875,0.010233723
25.84030833,219.8914333,-0.16325254
25.89919167,219.7205417,0.003039329
25.98053333,196.43895,0.011076901
25.84385,233.8029833,0.018860651
25.89856667,199.9096,0.022579444
25.51620833,201.6167083,0.012040924
25.800625,203.9526417,0.005170618
26.173175,253.6119417,0.010123369
25.81126667,233.2024667,0.020381575
25.51753333,161.6201167,0.020803887
25.773725,194.3682667,0.024571706
25.716675,240.7210167,-0.008184123
25.8991,178.951975,-0.01108695
26.17398333,224.232625,-0.017987603
22.91614167,3.486395,0.046171999
22.87234167,2.695849167,0.012087561
22.85814167,3.223944167,0.042040089
22.7909,4.593376667,0.020791446
22.9075,3.211883333,0.020309121
23.03203333,3.9089575,0.005371915
23.00236667,2.642209167,-0.008804921
24.06890833,2.6842,0.016792029
22.713725,3.296571667,-0.424559008
22.94550833,3.813145,0.345921483
22.9661,3.162428333,-0.065870901
23.23138333,2.916731667,-0.122040851
22.87486667,3.2798325,-0.044125531
23.331275,1.8403775,-0.017281945
6.9001325,50.78920833,0.0470415
6.947184167,56.28568333,0.032430882
6.819021667,52.378975,0.039398266
7.417224167,49.45853333,0.037963323
7.870829167,61.32460833,0.050822253
8.251535,55.38743333,0.015732841
7.189378333,59.5055825,-0.064810436
6.394191667,68.74300833,0.016170795
7.726671667,54.1358,0.035290925
6.857411667,63.714975,0.022134879
7.591351667,55.91841667,0.019329487
7.922555,52.65164167,0.018832217
8.4849475,46.34994167,0.012773634
7.759751667,62.14059167,0.015619902
10.20347583,63.68936667,0.001741329
9.696259167,75.32325,0.009238029
9.9701225,68.22818333,0.00691877
10.312495,77.87298333,0.014999692
10.4649775,88.7643225,0.028139979
9.932311667,83.126025,-0.013356029
10.05273167,79.63444167,-0.027396265
8.782548333,81.40714167,0.012702794
10.61486917,66.61635417,0.00123718
9.867218333,83.834775,-0.011963441
9.352689167,79.95925833,0.005550307
11.1258175,77.15124167,0.008034699
10.55887417,67.73508333,0.006433128
10.19571833,79.330975,0.000988033
22.7012,119.8188417,0.02742702
22.457,126.20025,0.009280033
22.71601667,116.7988917,0.006715095
22.70231667,114.2235917,0.008596365
22.83833333,113.1341667,0.013746909
22.49163333,124.4743,0.017503373
22.81968333,118.7191333,-0.030053723
23.13893333,108.5669167,-0.010987222
22.94250833,106.2040417,-0.005723881
22.77678333,111.70175,0.001079724
22.71086667,127.9681917,-0.002097912
22.90758333,134.4226,0.002436694
23.00374167,107.8949333,0.001627827
22.66524167,89.73577333,0.006109678
22.66563333,86.3832875,0.013603123
22.42118333,95.29819417,0.012142855
23.14285,61.79953667,0.002674688
22.53470833,79.15575917,0.008146998
22.59984167,89.26553833,0.027659751
22.28458333,87.51705833,0.019583458
22.502075,91.123765,0.022259507
22.99103333,72.91620083,0.016404965
22.36895833,95.45541667,0.008145147
22.193025,82.98996167,-0.004301484
22.35371667,88.93352333,0.009688649
22.4279,89.3383875,0.011901301
22.80566667,68.47173667,8.92476E-06
22.668675,76.16255,-0.001112722
25.8439,267.2175,0.015728194
25.7775,240.5726667,0.019940677
25.83821667,241.1725833,0.014025879
25.69846667,268.51075,0.015042233
25.632025,280.8781667,0.018019633
25.44941667,311.04225,0.012191964
25.75094167,290.7020833,-0.014508798
25.88214167,270.794,0.023760708
25.669275,292.9723333,0.015636996
25.842075,275.358,0.016864745
25.95278333,265.7564167,0.013974657
25.83706667,243.5404167,0.019511728
26.07324167,229.0156667,0.015726622
26.37533333,244.8701667,0.012068149
28.40833333,197.0833333,0.043585567
28.25,197.0833333,0.013301878
28.44166667,197.0833333,-0.072612798
28.2,197.0833333,0.090178246
28.275,197.0833333,0.02220184
28,197.0833333,0.028753736
28.39166667,197.0833333,-0.044985057
28.475,197.0833333,0.015557311
28.30833333,197.0833333,0.018513153
28.48333333,197.0833333,-0.007903224
28.38333333,197.0833333,0.010904582
28.525,197.0833333,0.010883528
28.51666667,197.0833333,-0.007075788
29.00833333,197.0833333,0.011323814
29.08044167,31.21202583,0.024435804
29.17704167,25.11021583,-0.007059856
29.30665,27.47925417,0.01344994
28.9183,25.26765417,0.005483198
28.99936667,25.9638975,0.000419393
28.52020833,28.68083,0.005793097
29.17074167,27.14807,0.005696847
29.541075,32.64032583,0.009178295
29.16615,23.82535417,0.000626558
28.72551667,30.95655,-0.016469574
28.97279167,27.3374,-0.002708301
28.98515833,27.11818,0.016956832
29.0292,26.92629667,0.012401679
29.28575833,27.73260833,0.011564124
19.66535,47.28846917,0.008052779
19.25576667,32.48115167,-0.000995386
19.051725,33.58986917,0.013360597
19.62510833,34.88870167,0.006287976
19.75166667,36.86035333,0.015462123
19.75008333,31.07604333,0.011470066
19.54423333,45.5971375,-0.014101567
19.76233333,35.22452583,0.012986235
19.297525,38.87752083,0.003928221
19.80011667,33.70546333,0.007593207
19.71733333,33.00775167,0.013184804
19.96559167,34.18483583,0.026887893
19.86121667,37.76599833,0.033630848
20.115275,25.38333417,0.01415468
28.2575,242.0681667,-0.008175634
28.39916667,227.3173333,-0.007694244
28.26583333,241.4349167,0.006290644
28.16583333,193.5135833,0.002213006
27.9575,215.4804167,0.013376515
27.72416667,216.5805,-0.008154987
27.89083333,198.148825,-0.007750853
27.4075,252.4537417,0.026265817
27.7825,271.0511667,0.003939044
28.29083333,173.6179167,0.013336936
28.2825,185.6853333,0.010557897
28.29083333,271.51375,-0.005134213
28.2075,262.4765833,-0.003556413
28.4325,194.2715,0.005986611
28.50423333,10.25459083,0.013031738
28.5289,8.5178025,0.011966449
28.74600833,9.107625,0.024931085
28.49790833,7.081174167,0.06265215
28.4033,7.841694167,-0.000396512
28.42800833,9.571490833,-0.007862026
28.4765,9.109166667,-0.017167095
29.200675,11.58691333,0.007541339
28.56351667,7.1091175,0.007171319
28.24895,9.719421667,0.011634501
28.68775833,9.203664167,0.012867477
28.425375,7.781665833,0.010866591
28.65173333,9.748579167,-0.006528678
28.81461667,8.082334167,-0.003803757
23.36475,150.2121917,0.021857476
23.18808333,156.2649333,0.015685812
23.05321667,180.5993167,0.005080506
23.362125,163.5364417,0.018607252
23.4289,143.939675,0.02220765
23.3309,168.4339583,0.021216345
23.79769167,159.5485,0.013010488
23.82218333,154.6476,0.017572527
23.769275,151.509625,0.01666153
23.744775,108.581725,0.013719672
23.60415,157.4768833,0.013397028
23.9669,144.1117333,0.015179059
23.9512,161.1781,0.014587836
23.73819167,126.7138333,0.016057572
21.23239167,63.594675,0.000313718
20.94625833,69.01195833,0.010701972
21.29373333,59.19836167,0.003759936
21.43239167,66.511765,0.012771605
21.064075,64.347535,0.003385421
21.02601667,64.6635825,-0.001555964
21.52516667,55.36412083,-0.029998125
20.76071667,67.59545083,0.015431808
21.53456667,55.95657667,0.009566299
21.63825,57.52505833,0.009651191
21.13035,76.6579975,0.000127878
21.3452,71.14165417,0.006462572
21.5153,62.5031,0.008659466
21.7131,65.56010667,0.007280939
9.631531667,36.359875,0.028980155
10.17791917,47.33505833,0.032078942
10.15136667,49.08948333,0.032465135
9.915165833,42.39918333,0.021568289
11.56864417,39.559725,0.013843691
11.10928167,42.1198925,0.03344542
11.09488583,37.73175,-0.026323902
10.5448275,55.10101667,0.030223178
10.26407083,33.13567083,0.024811344
10.86748583,43.95561667,-0.00251179
10.94903167,45.38709667,0.037717529
10.93117333,47.6412,0.02145254
11.60835667,36.01310583,-0.001191813
11.13145667,46.03208333,0.019000753
10.8585925,63.575275,0.00012806
10.3046925,65.16619167,0.006076816
9.91192,67.261875,0.003730597
10.79789583,67.12615833,0.020071579
10.66719417,48.075925,0.054301133
10.3683125,102.63485,-0.001176571
10.81635667,85.343325,-0.056548582
9.785678333,90.703625,0.004098248
11.02067417,79.79136667,0.024687244
10.63012083,82.13983583,-0.000968031
10.15151167,98.6975,0.034473357
11.32274917,97.343975,0.025185508
11.135545,70.10311667,0.016366954
10.92346,69.40205,0.009703753
0.06237,21.70733917,0.024895004
1.259895833,14.56252417,0.039021493
-0.189255,16.31925083,0.025218513
0.982481667,16.18728833,0.030115163
2.183323333,15.7851075,0.036476796
1.187134167,17.6339775,0.030700128
0.604938333,16.38871833,-0.012403915
-0.369016667,18.90938333,0.019375376
-0.130606667,17.08730417,0.061279642
-0.7909425,20.02380833,0.042020744
0.896825,21.96630417,0.039164056
1.073250833,17.29100667,0.024261321
1.604061667,15.814655,0.001682494
0.6717025,22.3744925,-0.003264294
18.42920167,28.92968083,0.01999153
18.05962167,23.7994125,0.015227136
18.18865,18.51476083,0.008959429
18.48713083,27.76482083,0.026623269
18.10248167,19.353615,0.009978034
18.09303917,29.04085667,0.019810173
18.643265,29.373525,0.012686936
18.92773333,37.25467167,0.010663043
18.46373333,29.7017725,0.016345121
18.36704833,26.32908833,0.006810399
18.11501667,21.258385,0.013091587
18.48674167,25.09672333,0.005307064
18.565735,17.995385,0.013271771
18.770575,23.73915667,-0.000963011
24.44619167,79.44166417,0.014424526
24.24160833,94.94213417,0.019837091
24.93669167,56.2862575,0.02377027
24.377525,72.95434,0.028556504
24.41020833,79.84814,0.019057161
24.194075,79.061075,0.016957561
24.31935,74.78392167,0.014859222
24.77754167,75.79492333,0.016196574
24.221175,85.42622833,0.017921089
24.09705833,79.16598917,0.018230803
24.14145833,81.5328075,0.017932679
24.25040833,84.41773417,0.01902842
24.6759,65.97587417,0.015421058
24.48740833,67.54018667,0.003570212
23.30706667,156.7936317,0.052261892
23.15523333,159.8542483,0.05151082
23.65099167,151.8642692,0.051826367
23.322575,187.4828233,0.05026668
23.07544167,182.50259,0.04637131
23.04221667,165.3720825,0.039710714
23.56000833,148.1484033,0.040777997
23.86494167,173.2808942,0.036928701
23.164625,206.8884667,0.020296174
23.4022,139.2171308,0.027143343
23.2068,174.3748892,0.031442993
23.27768333,130.4686083,0.02981423
23.312275,149.5498542,0.026045248
23.56643333,190.15714,0.021747482
21.16498333,22.28849333,0.011608836
21.1765,24.18136333,0.043695472
21.26666667,21.26494583,0.003942682
20.75305833,38.61542333,0.022349692
20.85189167,22.475685,0.015047921
20.80050833,22.11182833,0.003448239
21.502325,29.33043,-0.006645662
21.34874167,22.5664025,0.017642776
20.880475,33.22113917,0.013882114
21.10673333,26.03792083,0.013842504
21.20801667,17.81883083,0.016128335
21.304425,28.224685,0.019050661
21.772275,17.12732833,0.017808216
21.73266667,20.60186417,-0.003167696
12.65362583,112.2254708,0.010608443
12.897765,108.2311358,0.014052807
12.70260583,84.47262167,0.00933286
13.22796,97.77137333,0.008970415
12.96762917,99.51988167,0.009337748
12.70553167,111.2764075,0.021084397
13.3549525,86.2882425,0.015734622
13.39684917,101.10474,0.018339448
12.68440583,141.6316683,0.014158671
12.62207333,111.4607992,0.021112438
12.42922583,114.4060675,0.018730579
12.48656917,44.1323825,0.02543792
12.47316,111.0686467,0.012455224
13.25061667,115.356255,-0.001389297
10.49997583,52.63195833,-0.001373627
10.2611525,70.37195,0.007027002
10.48308333,67.164025,0.007801951
10.88997583,62.81835833,0.014079089
10.997865,75.57967833,0.015139029
10.5152375,70.33093333,0.007634098
10.431885,62.688775,-0.018457901
8.980720833,65.95251667,0.003565043
10.84402333,63.60752,0.004659339
10.17087583,69.82844167,-0.006105112
9.690971667,59.96896667,-0.001846103
11.58302167,63.60849167,0.004575432
10.81503417,67.663075,0.00650141
10.74075083,61.406075,0.007104459
9.9819225,130.3090583,0.010807381
9.417674167,154.78275,0.010720262
10.45643,124.309825,0.009288093
9.766229167,140.9845667,0.006884901
10.12114667,122.199325,0.008843111
10.18502583,150.871925,-0.008089687
9.736815833,137.3207833,-0.005270836
10.42338833,144.8788083,0.001805768
10.26632083,157.3850833,0.006709392
9.97114,137.9605333,0.007180328
10.59714583,138.7953333,0.007706267
10.14116583,129.2729833,0.009284483
10.01537667,151.0302167,0.007091613
10.72248583,137.9245833,0.006434313
25.476375,207.1803917,0.004796773
25.30375,223.5924833,0.016543619
25.25245833,207.3886167,0.01228117
25.32341667,207.60655,0.011714113
25.134175,184.9177917,0.015537001
25.20155833,235.745525,0.008700292
25.56455833,179.0134533,-0.020484062
25.36481667,238.1904083,0.012846089
25.23475,188.965575,0.02075199
25.17379167,169.289375,0.021524911
25.27400833,176.4100333,0.015123784
25.38608333,165.56455,0.014587843
25.63158333,149.8413917,0.014674327
25.67455,138.7419,0.013780784
27.87126667,17.41351083,0.006410164
27.96435,14.05029833,-0.015674236
28.23429167,16.84646167,0.00292639
27.96813333,14.47046417,0.008233832
27.91834167,17.37967917,-0.002859601
27.49160833,15.2981725,0.023351845
28.55774167,13.32250833,-0.019651567
28.71701667,15.62250083,0.018190959
28.20925,12.65571167,-0.007031328
27.998725,17.76183083,0.031703471
28.07681667,15.5815275,0.005329133
28.24891667,13.480485,0.014588774
27.74709167,15.27139333,0.001581152
28.36495833,16.75843917,0.004118722
27.37343333,112.2470483,0.019771544
27.3431,93.56953667,0.027307194
27.60865,94.609085,0.015869308
27.46434167,97.90262,0.01421053
27.361575,97.0904325,0.016289685
27.06455,101.5897967,0.016918545
27.75554167,94.40054083,0.022007315
27.857575,101.72265,0.021844569
27.43430833,80.45388917,0.01083115
27.24863333,100.7568208,0.006349933
27.50776667,79.92370833,0.016422102
27.58426667,92.173105,0.014998938
27.401575,81.17707583,-0.000127247
27.79865833,103.0352342,-0.018491328
27.8306,675.5468333,0.00530082
27.98786667,524.8004167,-0.008473981
28.003475,564.853725,-0.053443663
27.95500833,581.9404167,-0.025909232
27.67484167,547.1514417,-0.024993442
27.690225,445.0705,-0.046255161
27.69385833,583.598,-0.080261648
27.75219167,491.7793167,0.007750641
27.72061667,729.6861667,-0.0350919
27.72719167,635.1513333,-6.8878E-05
28.12120833,582.1384083,0.006561232
27.96228333,669.773,0.012027701
27.69151667,736.478175,0.010790576
28.32954167,611.0074167,0.10480373
1.950955,87.30151667,0.001429282
2.0037275,90.40818333,0.014295872
2.118913333,95.76473333,0.008294125
2.411405833,93.89044167,0.006781366
2.087669167,97.87341667,0.00828041
2.207065833,92.13525833,-0.003329911
1.7973325,86.60888333,-0.012883714
-0.021654167,78.205875,-0.002416346
2.567151667,98.85348333,-0.001432943
1.175961667,93.82839167,0.005957687
1.947675,87.707775,-0.000739033
2.850131667,83.6794,0.003596516
2.516758333,102.1913333,0.004151047
2.264043333,86.112425,0.001300239
26.237375,5.517390833,-0.021188858
26.22359167,7.28798,-0.005094404
26.01735833,4.2209125,-0.000836001
26.09785833,6.592089167,0.010868345
26.390425,19.60310333,0.00624955
25.67068333,4.600495833,0.01915867
26.2883,4.888365,0.006434139
26.592925,4.45632,-0.003880623
26.13370833,5.594401667,-0.033795115
26.13255833,4.076938333,0.006957967
25.8624,10.0611825,-0.013332513
26.234325,9.8890525,-0.017480991
26.54909167,5.823961667,-0.005030637
26.46421667,3.566566667,6.30398E-05
20.33409917,32.17392417,0.01038235
21.05118917,21.4776975,0.020862423
20.1510325,26.97424,0.022110602
20.9946925,30.47072917,0.016073285
20.61802833,26.53999583,0.010588087
20.51440917,28.10298917,-0.002501354
20.91059167,23.55043333,0.002427594
20.9999225,32.0799,-0.002619285
20.724895,26.79003,0.002398535
20.05353583,22.83523417,0.00573367
20.65271667,29.1535375,0.0095498
20.5278675,22.957235,0.010755118
20.55905917,33.14083917,0.011009404
21.41461667,23.913655,0.014310414
27.90385,327.6730833,-0.018072146
28.105,217.390375,0.019280215
27.93715833,302.2811583,0.020972307
28.17291667,307.9936667,-0.004334253
28.07373333,254.6565833,0.012581039
27.882075,286.8365833,-0.013488323
28.06716667,292.4269167,-0.01670871
28.17901667,211.17385,0.00971622
27.81245833,363.2691667,0.027894797
28.04775,245.6644833,0.01792551
28.11629167,212.43995,-0.008396954
28.051625,275.8731667,0.019763987
28.2623,178.743425,0.042131024
28.36740833,218.2526417,0.000808258
25.75356667,245.80705,0.009713
25.46080833,246.8390583,0.023411656
25.504925,205.5834417,0.022149135
25.558625,202.781625,0.028099042
25.4053,246.0032,0.04128753
25.1703,252.2135833,0.033029821
25.6873,205.9765,-0.002348751
25.706025,258.9210333,0.016965861
25.43555,243.2396083,0.039008586
25.67379167,181.4232,0.033067675
25.86604167,163.4619417,0.021589374
25.980075,205.8966833,0.014069107
26.13720833,155.3237333,0.016795639
26.1569,168.73685,0.013608209
25.413475,251.4961667,0.000503859
25.18831667,256.1849167,0.002622136
25.216325,255.3241667,0.017207529
25.08169167,251.9805833,-0.000194009
25.08675833,265.4936667,0.035271866
25.002975,265.048,-0.011846561
25.31595,275.55625,0.018224205
25.64065,297.75775,0.031925804
25.01924167,263.4745,-0.00471843
25.17255833,274.6296667,0.010599599
25.3439,259.6339167,0.007457057
25.26616667,267.2398333,0.046254426
25.38285833,245.6418333,0.030700943
25.69909167,260.4520833,0.008754492
23.785475,98.04969167,0.01051143
23.43135,86.50139083,0.009815257
23.48086667,85.59660833,0.002135881
23.97136667,97.99334167,0.013796071
23.47715,88.95349917,0.016715549
23.47201667,83.8454,0.020815974
23.76376667,93.76899167,-0.006986318
23.328275,94.11554917,0.040003237
23.66213333,91.133225,0.012138358
24.19406667,93.14885833,-0.008305937
23.53638333,88.714625,0.029137268
24.25276667,116.022975,0.014700197
24.14291667,119.5589417,0.007344026
23.33295833,102.7752083,0.012589381
19.67281667,153.0024167,0.013396601
19.830625,143.4028167,0.01703659
19.60653333,121.9224667,0.022685245
19.75044167,148.6020417,0.027863997
19.27530833,137.0969917,0.031948069
19.52835,136.555175,0.034430422
19.89429167,135.1104417,0.001244936
19.85946667,110.972325,0.031228078
19.55771667,134.743725,0.023118176
19.785775,114.4004167,0.022294428
19.43261667,127.014875,0.020786136
19.78475,124.4626,0.005632972
20.32996667,123.9507333,0.008459286
20.36403333,122.9650583,0.010407782
25.778225,223.2172167,0.012155785
25.87509167,192.6312167,0.01956723
25.9626,203.0426167,0.012063312
26.00159167,201.1061583,0.014403014
25.96263333,216.1853667,0.020393851
25.647825,259.3688333,0.010461647
25.643275,231.4763,-0.002206513
25.910775,202.5373083,0.024706645
25.71979167,267.803475,0.008262709
26.10693333,249.5361667,0.020697625
26.091175,216.0171667,0.02229494
25.85749167,197.8408,0.018749283
26.12058333,190.1059583,0.018719333
26.47310833,202.727475,0.022367202
8.40467,40.69700833,0.015495017
8.402561667,50.221325,0.022004044
8.32686,47.43014167,0.015104632
8.688609167,46.333175,0.026316447
9.463553333,55.791275,0.029760603
9.5035875,49.87035833,0.018015526
8.726169167,56.63114583,0.011784085
7.702080833,66.33135833,0.016629183
8.992956667,45.24917083,0.021027348
8.635524167,50.48388333,0.006928538
8.716516667,54.13094167,0.006265365
9.851759167,52.52795833,0.014502916
9.8421375,42.0036,0.016649686
9.3453175,56.31734167,0.01328777
15.76572083,78.838925,-0.00570666
15.39620917,54.03520417,0.006758666
15.3874175,45.18501,0.002511644
15.97986417,80.67946667,0.005909811
15.2547175,53.39677917,0.009837434
15.29556,67.08090667,0.000238355
15.9406025,73.25211167,-0.013544261
15.4408825,108.5940717,0.007969221
15.8815975,68.27067917,-0.007368503
15.5092875,60.55667833,-0.016095892
15.37921,77.827885,-0.002552676
15.80558667,81.035505,0.006203518
15.84758667,45.447865,0.009640495
15.70653333,77.37229667,0.009653879
25.62530833,192.8355083,-3.98872E-05
25.2316,209.6339917,0.036335114
25.46939167,227.4568825,-0.00808961
25.40879167,211.6184833,-0.004325457
25.59144167,176.8877,-0.002536277
25.20468333,188.4639667,-0.005535835
25.71028333,206.956,-0.006194494
25.76303333,262.32735,0.00039981
25.236625,248.2414917,0.003463001
25.75440833,157.3156308,0.005382032
25.747825,243.710025,0.003642135
25.9647,187.0389833,0.001891888
26.05656667,133.718475,0.003066638
25.96983333,219.70105,0.0028977
28.14646667,5.251285833,-0.011018431
28.01565833,5.632045833,0.03300695
27.78863333,4.981583333,-0.028858144
28.08216667,5.879249167,0.028428942
28.26675,3.287811667,-0.004219868
28.04416667,2.844923333,-0.000911531
28.39280833,7.5436875,-0.012379815
28.96325,2.637890833,0.027833729
28.208975,3.750206667,0.014422201
28.35776667,3.2955675,-0.013002884
27.89548333,2.7472675,-0.008189332
28.27035833,6.2380775,-0.005268813
28.721,3.553423333,-0.002813297
28.58924167,1.533006667,-0.005595641
9.127065833,43.92778333,0.013182684
9.4077425,60.814025,0.045554201
9.0472175,67.34248333,0.022496443
9.319381667,56.34225,0.036112368
10.6914475,59.54031667,0.036747225
10.43684083,53.0768,0.045886839
10.45972833,53.62936667,-0.02103008
9.872545,69.753575,-0.014702667
9.533491667,40.28559667,0.010766788
10.24718833,50.95470833,0.010861983
10.37472667,56.33434917,0.016614042
10.72924417,65.01981667,0.016192697
10.8208675,51.6252075,0.018540866
10.3510325,61.87224167,0.022851583
-4.959395833,35.66096667,0.032570009
-5.717749167,37.99280833,0.031943104
-4.634284167,35.69239167,0.028598206
-5.897105833,37.48284167,0.035649062
-4.119611667,38.90921667,0.036172397
-4.50351,38.70275833,0.022206452
-5.769573333,36.73836667,-0.035399834
-5.6358675,37.52611667,0.018921347
-4.433815833,36.74545833,0.017945823
-4.989896667,37.57541667,0.015048071
-4.806088333,38.9789,0.006823063
-4.855844167,37.24846667,-0.004720027
-4.168698333,37.91771667,-0.011076375
-4.235253333,37.132075,0.00063184
20.615325,103.5494642,0.002807377
20.4848,84.708985,0.024980882
20.76556667,83.2547575,0.031012599
20.1034,108.6767125,0.028464482
19.98639167,120.2080342,0.021214362
19.88033333,91.3899125,0.034388851
20.5425,103.6395192,0.014733914
20.26895,109.4790075,0.019511054
19.80896667,146.559825,0.021703113
19.90699167,80.99687917,0.026026737
19.86764167,103.7214108,0.00935441
19.91720833,103.3923167,0.021116917
19.83529167,116.8581567,0.025857391
20.33460833,115.8716,0.013927416
27.748125,253.09125,0.016537222
27.57975833,197.9632583,0.01693755
27.89368333,300.8925833,0.014930157
27.61570833,320.35275,0.005699722
28.04480833,304.012,0.023825563
27.69045833,249.9053667,0.001466793
27.61905833,269.27,-0.024454168
27.67550833,266.8085833,-0.001189688
27.21700833,227.6618667,0.02086197
27.33620833,252.3436333,-0.001991693
27.63626667,264.85325,-0.012206352
27.47155833,259.3634667,0.002612644
27.36425,307.3000833,0.003347295
27.87023333,222.583475,0.027783283
24.19678333,175.430025,0.01899391
24.02501667,159.2242917,0.006844915
23.99918333,125.6561708,0.019339268
24.09130833,140.1241833,0.026431387
24.08251667,246.86615,0.001671961
23.95511667,193.0735317,0.021763231
24.05216667,171.16594,-0.001494403
24.19595,148.8041417,0.017090245
23.8579,156.0302842,0.00880687
23.945,236.5716833,0.004398188
23.97559167,164.5641667,0.012014732
24.02049167,158.6913417,0.019400416
24.090125,137.7049833,0.00804655
24.44491667,154.7422333,0.009566015
25.75689167,4.867475,0.033486402
25.557125,5.492895,0.02037557
25.43601667,5.1949025,0.010910189
25.54896667,5.519279167,-0.000319852
25.68840833,6.278471667,-0.004050083
25.55685833,4.4594975,0.01435544
25.90664167,4.3402725,-0.021305188
26.71435833,4.8363725,0.008638137
25.55836667,4.967173333,0.028180626
25.93809167,5.625858333,0.009462178
25.45013333,5.73817,-0.001597743
25.834125,5.977025,0.003263309
26.14994167,4.799006667,0.006373492
26.09145,5.390201667,-0.002618475
28.714375,70.24809583,0.017344452
28.826625,55.02763,0.013848106
28.92445,73.60004667,0.012649822
28.652125,57.186845,-0.000731711
28.73420833,54.19954083,0.00945758
28.73291667,68.60964333,0.005623365
28.37415,66.96104,-0.00279681
29.20116667,76.73883417,0.003289849
28.62773333,54.83654667,-0.005727574
28.5147,69.6292225,0.009576617
28.72710833,63.78870083,-6.9665E-05
28.64469167,54.17524,0.015621123
28.83271667,59.72422167,0.014611192
29.03845,61.36294167,0.0145714
27.39884167,156.9456833,-0.021436858
27.186625,133.1439583,-0.010950879
27.37195833,127.7722083,0.035437331
27.42975,126.4220333,0.030005731
27.64516667,112.3213833,0.040836253
27.29379167,120.2417667,-0.019137431
27.7212,134.4864917,-0.006531485
27.76128333,126.1900083,0.012994371
27.68519167,116.7037083,0.044386352
27.60154167,112.5922417,0.001181135
27.58446667,133.6000667,0.017359041
27.59639167,142.7982667,0.012381179
27.891625,146.2876083,0.011246363
27.64246667,126.8281667,0.01331962
26.55699167,201.3849058,0.018565846
26.748925,212.6765283,0.008722616
26.78664167,179.4623475,0.002544431
26.57898333,195.2189692,0.004067618
26.604025,210.2079258,0.021869008
26.38508333,192.5025417,0.012518095
26.33071667,191.9140642,0.003888202
26.875825,236.5626117,0.012837262
26.58370833,202.0608342,0.016716022
26.35198333,201.8973542,0.051612491
26.573625,207.0189275,0.072077533
26.476575,186.6483375,0.009767789
26.63966667,217.1615133,-0.109647458
26.8843,211.12262,0.016133041
27.87848333,237.5163333,0.02566889
27.788225,204.592325,0.035242563
27.89034167,194.9398333,0.020630463
27.64090833,227.2888333,0.023856404
27.64529167,244.4179167,0.019421889
27.5481,231.31875,-0.01507237
27.77423333,196.0773667,-0.012572909
28.060825,216.4003083,0.05120778
27.75519167,237.252,0.017324464
27.84218333,217.1943417,0.008250661
27.98285,244.2388333,0.01339106
27.94964167,170.5259517,0.01097889
28.137225,153.8499667,0.007231347
28.33596667,203.824075,0.007043657
8.215268333,48.64188333,0.023203581
8.055913333,65.910925,0.022346995
7.705544167,69.09429167,0.028329192
8.166851667,58.660775,0.035221155
9.345141667,67.31622833,0.044411382
9.2508675,63.1479,0.023413941
8.8787475,69.70575,-0.024791094
7.890459167,92.13014167,0.020957086
8.615871667,50.36657833,0.011513832
8.811199167,54.86434167,0.006398825
8.716314167,65.33480833,0.005959335
9.851275833,71.9157,0.011361784
9.545084167,56.2901,0.017350254
8.996635833,75.34583333,0.012805786
9.689906667,83.72479583,0.011908999
9.106785,119.9894417,0.01822169
8.702243333,112.2935333,0.016293661
9.599124167,96.16066667,0.022508265
10.289065,104.6044858,0.026718254
10.1136,113.248575,0.013414072
9.993993333,117.4555333,-0.039181732
9.036498333,126.837525,0.003448641
10.21325,81.22379333,0.001908876
10.13659833,106.1419333,-0.012663536
9.784094167,124.2120167,-0.005533944
10.67653917,143.1645833,0.012201598
10.48924833,112.8429533,0.009569869
10.12786417,131.9474833,0.012806324
25.7823,252.7486667,0.015945918
25.97715833,252.47675,0.009716504
25.88604167,252.7269167,0.012282126
25.81535833,252.8025,0.018973769
25.77124167,252.8625833,0.020814561
25.63184167,252.7486667,0.0200178
25.88306667,252.6153333,-0.031163021
26.18143333,252.66625,0.018048293
25.61726667,252.7486667,0.042733944
25.590275,252.7486667,0.007836968
25.602,252.7508333,0.001146429
25.60321667,252.7486667,-0.002142014
25.60524167,252.7486667,-0.000802943
25.695625,252.7486667,0.003163375
14.28010667,57.69734167,0.005773373
13.81244167,47.10450833,0.00604613
13.64265333,36.874305,0.008538327
14.38038917,51.46309167,0.010418746
13.67246167,46.32928083,0.008028456
13.63185667,54.47031667,-0.002101306
14.30479,48.93161667,-0.019651432
13.5726175,64.99203333,-0.001938454
14.37756667,43.40456667,-0.005902603
13.9143875,42.5764,-0.013186876
13.73157,55.54649167,-0.006048639
14.51822667,52.16835833,0.007250603
14.44027167,39.15528333,0.01588398
14.28341083,52.34423667,0.013202262
27.361075,134.3720417,0.021395925
27.12045833,159.31,0.0193568
27.21448333,138.5861,0.022773837
27.170825,176.3632167,0.028745813
27.12896667,130.8357333,0.025349356
27.02765,164.746525,0.022005657
27.39329167,136.4742583,0.01208198
27.55480833,142.3408817,0.030514976
27.33205833,129.6267417,0.032123066
27.52645833,142.0134,0.03744193
27.295225,121.92065,0.011113809
27.426625,153.2497,0.01697385
27.41980833,175.6013083,0.017226389
27.72951667,99.62023833,0.014261858
25.16873333,212.2265833,-0.020772989
24.86874167,238.5329167,0.011822145
25.24161667,254.429,0.035219337
25.14788333,259.303825,0.008045482
25.24578333,186.5330667,-0.004231127
24.81873333,247.78075,0.023616178
25.24165833,154.812325,-0.018596656
25.57081667,242.52675,-0.010124645
25.0854,240.2121667,0.003877
25.31039167,185.9039167,-0.006704366
25.33330833,185.6434,0.019264197
25.36873333,211.6474917,0.021727694
25.55833333,107.1498083,0.005570127
25.5479,196.378825,0.006385299
26.41013333,171.0422917,0.015047242
26.20181667,277.1051417,0.027002534
26.5768,251.148675,-0.006061365
26.47033333,187.3524333,0.020916737
26.40829167,182.4755667,0.002999389
26.10829167,210.6968083,0.014992461
26.50366667,175.7312,-0.011970244
26.868475,250.2884442,-0.00335778
26.49903333,281.4793,0.013990332
26.48975833,204.77,-0.004082462
26.530525,205.510675,-0.010881675
26.45830833,177.5636167,-0.001891004
26.716625,152.136675,-0.000835183
26.76294167,237.3450417,0.014403137
27.460825,113.78825,0.031255469
27.26164167,172.949,0.016940417
27.62748333,161.8456667,0.010264999
27.5083,131.1414833,0.032212753
27.37083333,125.7298333,0.014619257
27.18333333,139.81,0.007327871
27.565,113.701325,-0.00878823
27.90331667,169.5374833,-0.014685628
27.54665833,178.4265,-0.002069699
27.50248333,128.3258167,0.005485785
27.57414167,133.6214917,0.00714095
27.495825,121.8190833,0.004284655
27.754975,92.7024,0.004644461
27.77748333,150.1216667,0.007259962
27.817075,23.33409667,0.020216612
27.97438333,16.0940425,0.004410421
28.16495,21.63607,0.019261788
27.75228333,21.66162583,0.029585466
27.75534167,27.02614583,0.035382111
28.03969167,19.24631167,0.020809172
28.45939167,15.46654917,0.002288045
28.94774167,22.4159975,0.003553349
27.80855,17.9262575,0.030420242
28.02155,22.33223083,0.048553265
28.13545,22.33605167,0.008260016
28.01575,24.63657917,0.001007687
28.16314167,18.51472583,0.010346125
28.39174167,21.4493575,0.009528791
26.33159167,156.1140667,0.021423787
26.227175,184.5080167,0.030353288
26.531675,219.494075,0.014056756
26.26173333,205.2311917,0.019444856
26.12228333,224.0141833,0.016568657
25.98825833,215.427425,0.012637382
26.263,166.5494167,0.007910366
26.56035833,194.2068917,0.016902854
26.08129167,208.6782917,0.019752411
26.04000833,191.0067167,0.006634801
26.0724,219.6584833,0.007732083
26.13505833,173.2374417,-0.00361295
26.43385833,199.08085,-0.019656177
26.40260833,183.1576833,-0.029288967
2.5762125,49.40533333,0.008513349
2.615503333,56.02090833,0.016621131
2.932355,54.74445833,0.010326636
3.17113,56.004025,0.017502012
2.991905833,58.02153333,0.011334031
3.185378333,59.413,-0.005809335
2.51943,55.76991667,-0.026872644
0.632539167,53.82109167,0.021570489
3.418585833,58.53070833,0.00820302
1.908673333,62.28694167,-0.004511113
2.786651667,50.66341667,0.001665067
3.672251667,51.94409167,0.006846259
3.329636667,61.13950833,0.01434329
2.934866667,54.67473333,0.006045925
6.994315833,96.13906667,-0.003050271
6.424534167,116.2505833,0.008907203
6.217944167,107.3720917,0.010540783
6.906180833,129.05085,0.014260422
7.014966667,132.077025,0.013619029
6.598185,134.5505,0.003740136
6.82547,120.5708,-0.015185769
5.7384875,122.114975,0.008325176
7.456324167,108.5289833,0.002461413
6.818773333,135.6120917,-0.000264146
6.430298333,137.0417333,0.002975867
7.7625575,132.0074,0.005209804
7.7343575,103.6208917,0.000808747
7.13572,137.4377125,0.002156307
3.8027675,56.58351833,0.03736202
4.824535,49.29488083,0.034902993
4.221793333,43.3712275,0.019741266
4.615576667,42.76426333,0.02113834
4.601218333,36.81668667,0.023757529
4.237876667,35.92368417,0.024101813
4.1942875,49.44238333,0.007358402
4.46842,44.39954417,0.017947471
4.142339167,42.00313583,0.021301258
3.430185833,43.79706833,0.021461408
4.5354775,39.1478825,0.020923478
3.735985,42.178495,0.017908248
4.462964167,47.58346083,0.014879195
4.7774325,50.376275,0.018234195
23.327875,64.25811583,0.015920382
23.00695833,86.3427075,0.019168392
23.41730833,63.08203583,0.019072151
22.85568333,99.89162917,0.015271909
22.778475,77.02561083,0.016201877
22.54271667,78.5767,0.011701677
23.01126667,81.13041417,0.0098467
23.14265833,74.31501,0.014059339
22.74761667,86.980265,0.019323233
22.87143333,66.42179083,0.006220181
22.90735833,82.59297333,0.015519059
22.99023333,83.61248417,0.015281662
23.08220833,82.787305,0.01294677
23.240325,94.68480333,0.015836186
26.941975,124.7829975,0.026904746
26.84253333,117.586425,0.023502899
27.12239167,127.8680192,0.01501372
26.494775,138.4684833,0.018433192
26.37135,136.2439417,0.020553483
26.03023333,139.8285667,0.00514693
26.4356,134.0466725,-0.005197072
27.10290833,133.699275,0.02933702
26.09079167,164.4969333,0.001547775
27.02403333,125.7721583,0.02833016
26.664925,140.323925,0.009546213
26.745925,117.6937367,0.002383224
27.15828333,111.8070833,0.01165491
27.38571667,131.7640542,0.012717601
25.81063333,137.1402292,-0.016507383
25.36031667,132.2445933,0.2038401
25.94589167,92.3088025,0.12289234
24.787375,118.6951283,0.142103915
25.2758,115.0007658,0.013839947
25.299,123.9284433,0.033183642
25.643475,106.0268883,-0.034750962
25.83106667,151.6527667,-0.012831912
24.67893333,177.1782192,0.03938473
24.979725,136.2454733,0.013611397
25.72304167,176.8955583,-0.058743725
25.47446667,128.740425,-0.138073945
25.52883333,119.4253642,0.073389187
26.43416667,114.3445667,-0.005207045
27.56371667,109.0929975,0.009976676
27.38066667,97.41063667,-0.001923817
27.69808333,91.49136417,-0.00618346
27.59223333,90.3789125,0.00570238
27.47381667,109.1487892,-0.00187336
27.3096,111.5707108,0.005493465
27.60791667,105.5664633,0.011618259
27.87459167,111.123175,0.014001794
27.537325,96.06030833,0.015305976
27.376625,97.022515,0.015971064
27.5623,87.28698917,0.014319011
27.71985,101.2447558,0.013683737
27.79199167,82.553145,0.013129044
27.98683333,92.50332833,0.009912722
25.05375833,108.5793333,0.006582566
24.99705,137.289425,-0.004263246
25.29886667,116.8104167,0.003850524
25.120325,131.0223167,-0.006975727
25.47205,140.688825,-0.022199722
25.07926667,147.363825,0.009891244
24.90138333,133.7394167,0.007694361
25.23954167,144.1744917,0.0148985
25.22595833,177.6157667,0.0137048
24.99361667,133.9644417,0.00732306
25.22470833,141.4957417,-0.009652936
25.004775,138.8995417,0.012078692
24.79298333,120.521175,0.01689146
25.43589167,155.175375,0.01292009
26.739875,108.8488075,0.056429098
26.42674167,148.3849583,0.031007572
26.70428333,152.840625,0.024018993
26.621,146.28535,0.051852463
26.41448333,128.5139333,0.018212092
26.46410833,127.4391333,0.012501537
26.796125,113.165875,-0.021642582
27.07696667,154.3432208,0.01183161
26.63269167,156.1192333,-0.003898421
26.48333333,123.1277917,0.002784757
26.62231667,131.321075,0.00576649
26.71839167,116.808125,-0.006995553
26.97379167,100.3604583,0.005115039
26.97295833,136.2916417,-0.031518409
20.74934167,33.37492917,0.016711997
20.23033333,21.875485,0.02292135
20.07571583,21.41691833,0.011237826
20.6895875,26.71974583,0.018158719
20.49875,24.4478575,0.023818985
20.550825,15.98834083,0.013425958
20.43218333,25.71238917,0.008405277
20.71479167,21.2372725,0.010488144
20.32530833,25.78492667,-0.012739884
20.8019275,17.28372833,0.012794202
20.54279167,22.56315667,0.008090635
20.96874167,18.524875,0.008366952
20.64893333,23.82592333,0.000598069
21.03623333,20.43599583,0.000658516
11.46306167,50.95770833,0.01744958
11.460005,43.91506167,0.033972326
11.58715833,47.10278333,0.031719439
11.59687333,46.06759417,0.024405059
11.97032,43.45388,0.016135018
11.852645,36.27238167,-0.001535999
11.929975,56.94101417,-0.026459894
13.3063175,51.28347417,0.029298663
11.17003583,49.75399167,0.039111678
12.12159917,56.23435833,0.013227747
12.0139225,40.73997667,0.028037122
12.6198275,50.14083333,0.014486636
11.89743917,51.36299583,0.01842204
12.26453833,51.27803333,0.006522876
15.53357333,16.75183167,0.009681648
16.48532583,15.01175833,0.016767976
16.21388583,14.12294,0.04850305
16.3028475,12.75977,0.040181803
15.99123333,13.05134333,0.040168313
15.66177167,7.734111667,0.053750303
16.04445167,15.2471025,0.019409703
16.85452917,10.82111083,0.031403048
15.55446167,13.34319583,0.05220978
15.71349583,13.374905,0.037910096
16.702335,11.93288583,0.034138099
15.6187175,11.38172083,0.034560843
16.44024167,15.26805583,0.019557729
16.653545,14.78173333,0.018613685
28.44829167,265.8435833,-0.020568196
28.610125,258.5631667,-0.012251396
28.77833333,269.8358333,-0.02246028
28.54424167,253.892225,0.004010827
28.831625,252.3171667,0.022426925
28.55838333,226.7104167,0.029422699
28.59401667,235.8363333,-0.024298647
28.76319167,250.9668333,-0.016412498
28.43163333,261.6449167,0.027245471
28.36625,261.6449167,-0.021294374
28.47985833,261.6449167,0.014689451
28.371525,261.6449167,0.001239276
28.41495833,301.1515833,0.032997412
28.77459167,276.57125,0.00808111
24.10709167,98.03860833,0.013428056
23.88851667,93.84854167,0.014769264
24.017025,74.79375,0.012908048
23.77296667,112.3232,0.030785316
23.67176667,127.3089083,0.021390885
23.69809167,102.6291833,0.022558621
24.30930833,99.22845833,0.01482106
23.935525,118.7161583,0.009979214
23.594025,110.5298417,0.025161163
23.3894,124.8677917,0.002536241
23.410325,134.8160167,0.00125776
23.482925,99.98270833,0.007069839
23.55038333,114.5927833,0.006782297
23.86768333,114.57165,0.004419307
8.282411667,43.58085,0.043001418
8.903438333,53.66744167,0.052934209
8.998454167,50.22268333,0.016008559
8.612933333,46.52551667,0.034101836
10.14016,44.541775,0.034377803
9.7116425,46.33836667,0.012244277
9.60681,47.58701167,-0.067421174
9.451803333,55.75803333,0.018066594
9.0330525,38.19878333,0.024671749
9.5028325,47.40566667,0.002108483
9.742915833,47.68526667,0.000872808
9.7050975,43.46244167,-0.004999303
10.33532583,41.110525,-0.043083935
9.713058333,53.754225,0.012224833
27.71009167,3.084325833,0.008457633
27.750975,3.253893333,-0.000164243
27.48349167,3.874676667,-0.031613185
27.6188,5.6479325,-0.021895494
27.83683333,3.701398333,-0.052299236
27.40968333,1.6598875,-0.046766104
27.85493333,7.230385833,-0.07135458
28.36074167,2.4187325,-0.026478735
27.75206667,2.429750833,0.009399563
27.811,2.429059167,0.009696981
27.593775,4.75762,0.018742757
27.827,9.13066,0.017927776
28.22004167,3.780570833,0.019166312
28.24013333,3.814404167,0.008214146
9.426055,80.35421667,0.012243918
9.360186667,103.6871083,0.00760759
9.324721667,95.62585833,0.010481946
9.5483875,100.107975,0.007735251
9.5321075,102.4533417,0.007534906
9.040031667,112.9057917,-0.004922941
9.149315,110.1922167,-0.02213054
8.037786667,89.79646667,0.003964421
9.437954167,100.1653,0.003690256
8.7665775,118.7427583,0.003219749
8.887475,98.1191,0.005889513
9.809685,116.3443583,0.009344312
9.087434167,110.1745833,0.006631623
9.237765,101.7565583,0.004601085
7.7297825,54.82019167,0.00851895
7.713543333,58.25925833,0.012173388
7.931033333,54.7526,0.010992843
7.971669167,53.84495,0.00803759
7.87938,51.98381667,0.003942235
6.9901875,55.84654167,-0.004701405
7.167375,56.32781667,-0.01496639
7.59125,55.43608333,0.007392468
7.54814,56.06388333,0.00353046
8.173909167,52.15591667,0.00647533
7.329438333,58.49023333,0.004916496
7.78237,57.03195,0.007332202
8.481253333,63.46590833,0.009132592
9.030836667,57.063925,0.003611853
17.5254,127.85885,0.003793129
18.02366667,91.755375,0.021493024
18.016725,116.09395,0.031204616
18.290425,100.0802667,0.016974644
17.3836475,121.9420667,0.026690598
18.35880833,72.76568333,0.028995204
18.02041333,104.850825,0.016821361
17.96424167,108.3496083,0.031389741
17.81935,96.230925,0.020612441
18.45746917,115.6534667,0.013808174
17.7666,95.31924167,0.018344543
18.327175,145.032825,0.012436383
18.38683333,107.1085333,0.000131313
17.65822583,107.247675,0.005737055
12.70856667,24.1413825,0.012949908
14.1167825,19.27796583,0.026191624
13.67707083,16.91362083,0.024128452
13.434565,16.36386833,0.025912821
13.61909083,16.11599,0.033124968
12.97147083,13.43281333,0.030570822
13.29379917,19.843745,0.026300494
13.97463583,14.532975,0.02308644
12.68414333,16.32397833,0.022896943
12.74715667,15.95865667,0.02775273
14.04393333,18.02525417,0.026745228
12.43514417,17.49539083,0.022785162
13.82992167,20.59404833,0.023625019
14.21950667,21.9563425,0.018140429
24.10744167,233.3701667,0.007115969
24.33583333,150.7345917,0.005832809
24.33043333,231.274325,0.011608711
24.02124167,237.154275,0.02485813
24.42595,252.7250833,0.011691268
24.16308333,236.3373333,0.016907951
24.23819167,190.8206667,0.003571022
24.79963333,211.6022167,-0.004088137
24.08505,245.3901667,-0.006405375
23.827875,239.16575,-0.004528453
23.87723333,233.91075,-0.003778294
23.86765,225.7803333,-0.002096512
23.930375,231.4388333,-0.015251051
24.53220833,235.3811667,0.005653293
24.97435,129.9013667,0.024906244
24.61105833,130.1136917,0.027557433
24.81881667,157.7486333,0.027592726
24.71604167,152.7939167,0.025247147
24.38475,167.3985167,0.025812004
23.8965,163.8767417,0.019749439
24.57829167,137.8751167,0.018578362
24.92385833,132.821825,0.022692995
23.88394167,166.8919583,0.021849486
24.783025,178.814425,0.017685685
24.517575,178.3691917,0.018355884
24.65445,138.3499333,0.020663688
25.13700833,143.9634,0.023546241
25.07315833,165.7384833,0.021685564
24.24400833,14.32953083,0.00341445
23.95591667,14.78379333,0.004403171
23.89230833,13.15481,0.011200605
23.97149167,13.34698833,0.00120019
24.06705833,20.96648917,0.001949978
23.53376667,14.35041833,0.003293735
24.343275,13.1179525,0.00426259
24.46866667,13.26948167,0.020083053
24.13616667,14.8277625,-0.071133203
24.19901667,12.8446,-0.001704745
23.8936,12.90316,0.00866104
24.12325,13.73015667,-0.012347033
24.537625,13.00862833,-0.090439153
24.2212,14.29011417,-0.074443882
22.69204167,83.38363083,0.018021473
22.47204167,92.15368417,0.018321871
23.36818333,66.49831833,0.018997867
22.38806667,85.76329167,0.021567593
22.53135833,76.06762083,0.023241868
22.26945,84.56357917,0.020672911
22.50519167,88.4059225,0.026085265
22.85560833,84.827055,0.029910228
22.019175,80.013475,0.010401453
22.21029167,94.42161917,0.018327493
22.106875,82.1764675,0.007798788
22.16725,83.43438417,0.006373716
22.68719167,65.9821975,-0.000819991
22.73705,66.95650833,0.002974786
22.17026667,50.08476417,-0.081909784
22.13720833,62.38416167,-0.027347706
22.94068333,48.07308,-0.02758631
22.063325,60.16036,-0.018123696
22.139475,56.4269375,-0.019736759
22.05793333,46.964315,-0.088795161
22.20368333,54.182465,0.044152717
22.41946667,57.3532225,0.072124728
21.71400833,63.12610417,0.050970494
21.910075,45.3123675,0.059567858
21.62435,51.23442417,0.000835218
21.71048333,50.608135,0.002581567
22.327625,32.55288083,0.000436056
22.31016667,37.92774583,-0.003460163
